NU_ANO_CENSO,CO_ENTIDADE,NO_ENTIDADE,CO_ORGAO_REGIONAL,TP_SITUACAO_FUNCIONAMENTO,DT_ANO_LETIVO_INICIO,DT_ANO_LETIVO_TERMINO,CO_REGIAO,CO_MESORREGIAO,CO_MICRORREGIAO,CO_UF,CO_MUNICIPIO,CO_DISTRITO,TP_DEPENDENCIA,TP_LOCALIZACAO,TP_LOCALIZACAO_DIFERENCIADA,IN_VINCULO_SECRETARIA_EDUCACAO,IN_VINCULO_SEGURANCA_PUBLICA,IN_VINCULO_SECRETARIA_SAUDE,IN_VINCULO_OUTRO_ORGAO,TP_CATEGORIA_ESCOLA_PRIVADA,IN_CONVENIADA_PP,TP_CONVENIO_PODER_PUBLICO,IN_MANT_ESCOLA_PRIVADA_EMP,IN_MANT_ESCOLA_PRIVADA_ONG,IN_MANT_ESCOLA_PRIVADA_OSCIP,IN_MANT_ESCOLA_PRIV_ONG_OSCIP,IN_MANT_ESCOLA_PRIVADA_SIND,IN_MANT_ESCOLA_PRIVADA_SIST_S,IN_MANT_ESCOLA_PRIVADA_S_FINS,TP_REGULAMENTACAO,TP_RESPONSAVEL_REGULAMENTACAO,CO_ESCOLA_SEDE_VINCULADA,CO_IES_OFERTANTE,IN_LOCAL_FUNC_PREDIO_ESCOLAR,TP_OCUPACAO_PREDIO_ESCOLAR,IN_LOCAL_FUNC_SOCIOEDUCATIVO,IN_LOCAL_FUNC_UNID_PRISIONAL,IN_LOCAL_FUNC_PRISIONAL_SOCIO,IN_LOCAL_FUNC_GALPAO,TP_OCUPACAO_GALPAO,IN_LOCAL_FUNC_SALAS_OUTRA_ESC,IN_LOCAL_FUNC_OUTROS,IN_PREDIO_COMPARTILHADO,IN_AGUA_POTAVEL,IN_AGUA_REDE_PUBLICA,IN_AGUA_POCO_ARTESIANO,IN_AGUA_CACIMBA,IN_AGUA_FONTE_RIO,IN_AGUA_INEXISTENTE,IN_ENERGIA_REDE_PUBLICA,IN_ENERGIA_GERADOR_FOSSIL,IN_ENERGIA_RENOVAVEL,IN_ENERGIA_INEXISTENTE,IN_ESGOTO_REDE_PUBLICA,IN_ESGOTO_FOSSA_SEPTICA,IN_ESGOTO_FOSSA_COMUM,IN_ESGOTO_FOSSA,IN_ESGOTO_INEXISTENTE,IN_LIXO_SERVICO_COLETA,IN_LIXO_QUEIMA,IN_LIXO_ENTERRA,IN_LIXO_DESTINO_FINAL_PUBLICO,IN_LIXO_DESCARTA_OUTRA_AREA,IN_TRATAMENTO_LIXO_SEPARACAO,IN_TRATAMENTO_LIXO_REUTILIZA,IN_TRATAMENTO_LIXO_RECICLAGEM,IN_TRATAMENTO_LIXO_INEXISTENTE,IN_ALMOXARIFADO,IN_AREA_VERDE,IN_AUDITORIO,IN_BANHEIRO,IN_BANHEIRO_EI,IN_BANHEIRO_PNE,IN_BANHEIRO_FUNCIONARIOS,IN_BANHEIRO_CHUVEIRO,IN_BIBLIOTECA,IN_BIBLIOTECA_SALA_LEITURA,IN_COZINHA,IN_DESPENSA,IN_DORMITORIO_ALUNO,IN_DORMITORIO_PROFESSOR,IN_LABORATORIO_CIENCIAS,IN_LABORATORIO_INFORMATICA,IN_PATIO_COBERTO,IN_PATIO_DESCOBERTO,IN_PARQUE_INFANTIL,IN_PISCINA,IN_QUADRA_ESPORTES,IN_QUADRA_ESPORTES_COBERTA,IN_QUADRA_ESPORTES_DESCOBERTA,IN_REFEITORIO,IN_SALA_ATELIE_ARTES,IN_SALA_MUSICA_CORAL,IN_SALA_ESTUDIO_DANCA,IN_SALA_MULTIUSO,IN_SALA_DIRETORIA,IN_SALA_LEITURA,IN_SALA_PROFESSOR,IN_SALA_REPOUSO_ALUNO,IN_SECRETARIA,IN_SALA_ATENDIMENTO_ESPECIAL,IN_TERREIRAO,IN_VIVEIRO,IN_DEPENDENCIAS_OUTRAS,IN_ACESSIBILIDADE_CORRIMAO,IN_ACESSIBILIDADE_ELEVADOR,IN_ACESSIBILIDADE_PISOS_TATEIS,IN_ACESSIBILIDADE_VAO_LIVRE,IN_ACESSIBILIDADE_RAMPAS,IN_ACESSIBILIDADE_SINAL_SONORO,IN_ACESSIBILIDADE_SINAL_TATIL,IN_ACESSIBILIDADE_SINAL_VISUAL,IN_ACESSIBILIDADE_INEXISTENTE,QT_SALAS_UTILIZADAS_DENTRO,QT_SALAS_UTILIZADAS_FORA,QT_SALAS_UTILIZADAS,QT_SALAS_UTILIZA_CLIMATIZADAS,QT_SALAS_UTILIZADAS_ACESSIVEIS,IN_EQUIP_PARABOLICA,IN_COMPUTADOR,IN_EQUIP_COPIADORA,IN_EQUIP_IMPRESSORA,IN_EQUIP_IMPRESSORA_MULT,IN_EQUIP_SCANNER,IN_EQUIP_NENHUM,IN_EQUIP_DVD,QT_EQUIP_DVD,IN_EQUIP_SOM,QT_EQUIP_SOM,IN_EQUIP_TV,QT_EQUIP_TV,IN_EQUIP_LOUSA_DIGITAL,QT_EQUIP_LOUSA_DIGITAL,IN_EQUIP_MULTIMIDIA,QT_EQUIP_MULTIMIDIA,IN_DESKTOP_ALUNO,QT_DESKTOP_ALUNO,IN_COMP_PORTATIL_ALUNO,QT_COMP_PORTATIL_ALUNO,IN_TABLET_ALUNO,QT_TABLET_ALUNO,IN_INTERNET,IN_INTERNET_ALUNOS,IN_INTERNET_ADMINISTRATIVO,IN_INTERNET_APRENDIZAGEM,IN_INTERNET_COMUNIDADE,IN_ACESSO_INTERNET_COMPUTADOR,IN_ACES_INTERNET_DISP_PESSOAIS,TP_REDE_LOCAL,IN_BANDA_LARGA,QT_PROF_ADMINISTRATIVOS,QT_PROF_SERVICOS_GERAIS,QT_PROF_BIBLIOTECARIO,QT_PROF_SAUDE,QT_PROF_COORDENADOR,QT_PROF_FONAUDIOLOGO,QT_PROF_NUTRICIONISTA,QT_PROF_PSICOLOGO,QT_PROF_ALIMENTACAO,QT_PROF_PEDAGOGIA,QT_PROF_SECRETARIO,QT_PROF_SEGURANCA,QT_PROF_MONITORES,QT_PROF_GESTAO,QT_PROF_ASSIST_SOCIAL,IN_ALIMENTACAO,IN_SERIE_ANO,IN_PERIODOS_SEMESTRAIS,IN_FUNDAMENTAL_CICLOS,IN_GRUPOS_NAO_SERIADOS,IN_MODULOS,IN_FORMACAO_ALTERNANCIA,IN_MATERIAL_PED_MULTIMIDIA,IN_MATERIAL_PED_INFANTIL,IN_MATERIAL_PED_CIENTIFICO,IN_MATERIAL_PED_DIFUSAO,IN_MATERIAL_PED_MUSICAL,IN_MATERIAL_PED_JOGOS,IN_MATERIAL_PED_ARTISTICAS,IN_MATERIAL_PED_DESPORTIVA,IN_MATERIAL_PED_INDIGENA,IN_MATERIAL_PED_ETNICO,IN_MATERIAL_PED_CAMPO,IN_MATERIAL_PED_NENHUM,IN_EDUCACAO_INDIGENA,TP_INDIGENA_LINGUA,CO_LINGUA_INDIGENA_1,CO_LINGUA_INDIGENA_2,CO_LINGUA_INDIGENA_3,IN_EXAME_SELECAO,IN_RESERVA_PPI,IN_RESERVA_RENDA,IN_RESERVA_PUBLICA,IN_RESERVA_PCD,IN_RESERVA_OUTROS,IN_RESERVA_NENHUMA,IN_REDES_SOCIAIS,IN_ESPACO_ATIVIDADE,IN_ESPACO_EQUIPAMENTO,IN_ORGAO_ASS_PAIS,IN_ORGAO_ASS_PAIS_MESTRES,IN_ORGAO_CONSELHO_ESCOLAR,IN_ORGAO_GREMIO_ESTUDANTIL,IN_ORGAO_OUTROS,IN_ORGAO_NENHUM,TP_PROPOSTA_PEDAGOGICA,TP_AEE,TP_ATIVIDADE_COMPLEMENTAR,IN_MEDIACAO_PRESENCIAL,IN_MEDIACAO_SEMIPRESENCIAL,IN_MEDIACAO_EAD,IN_ESPECIAL_EXCLUSIVA,IN_REGULAR,IN_EJA,IN_PROFISSIONALIZANTE,IN_COMUM_CRECHE,IN_COMUM_PRE,IN_COMUM_FUND_AI,IN_COMUM_FUND_AF,IN_COMUM_MEDIO_MEDIO,IN_COMUM_MEDIO_INTEGRADO,IN_COMUM_MEDIO_NORMAL,IN_ESP_EXCLUSIVA_CRECHE,IN_ESP_EXCLUSIVA_PRE,IN_ESP_EXCLUSIVA_FUND_AI,IN_ESP_EXCLUSIVA_FUND_AF,IN_ESP_EXCLUSIVA_MEDIO_MEDIO,IN_ESP_EXCLUSIVA_MEDIO_INTEGR,IN_ESP_EXCLUSIVA_MEDIO_NORMAL,IN_COMUM_EJA_FUND,IN_COMUM_EJA_MEDIO,IN_COMUM_EJA_PROF,IN_ESP_EXCLUSIVA_EJA_FUND,IN_ESP_EXCLUSIVA_EJA_MEDIO,IN_ESP_EXCLUSIVA_EJA_PROF,IN_COMUM_PROF,IN_ESP_EXCLUSIVA_PROF
2020,23079614,POVO PITAGUARI EMIEB,00001,1,30/01/2020,23/12/2020,2,2303,23016,23,2307650,230765005,3,2,2.0,1.0,0.0,0.0,0.0,,,,,,,,,,,1.0,3.0,,,1.0,1.0,0.0,0.0,0.0,0.0,,0.0,0.0,0.0,1.0,0.0,0.0,1.0,0.0,0.0,1.0,0.0,0.0,0.0,0.0,1.0,0.0,1.0,0.0,1.0,0.0,0.0,0.0,0.0,0.0,0.0,0.0,1.0,1.0,1.0,0.0,1.0,1.0,1.0,1.0,1.0,0.0,1.0,1.0,1.0,0.0,0.0,0.0,1.0,1.0,1.0,1.0,0.0,1.0,0.0,1.0,0.0,0.0,0.0,0.0,0.0,1.0,1.0,1.0,0.0,1.0,0.0,1.0,0.0,0.0,0.0,0.0,0.0,0.0,1.0,0.0,0.0,0.0,0.0,7.0,0.0,7.0,0.0,7.0,0.0,1.0,1.0,0.0,1.0,0.0,0.0,1.0,1.0,1.0,1.0,1.0,1.0,1.0,1.0,1.0,1.0,0.0,0.0,1.0,30.0,0.0,0.0,1.0,1.0,1.0,1.0,0.0,1.0,0.0,2.0,1.0,1.0,3.0,2.0,0.0,0.0,0.0,0.0,0.0,2.0,1.0,1.0,2.0,1.0,1.0,0.0,1.0,1.0,0.0,0.0,0.0,0.0,0.0,1.0,1.0,0.0,0.0,0.0,1.0,1.0,1.0,1.0,0.0,0.0,0.0,1.0,2.0,,,,0.0,,,,,,,1.0,1.0,0.0,0.0,0.0,1.0,1.0,0.0,0.0,1.0,0.0,1.0,1.0,0.0,0.0,0.0,1.0,0.0,0.0,1.0,1.0,1.0,1.0,0.0,0.0,0.0,0.0,0.0,0.0,0.0,0.0,0.0,0.0,0.0,0.0,0.0,0.0,0.0,0.0,0.0,0.0
2020,23079622,ANTONIO GONDIM DE LIMA EMEIEF,00001,1,30/01/2020,13/01/2021,2,2303,23016,23,2307650,230765005,3,1,0.0,1.0,0.0,0.0,0.0,,,,,,,,,,,1.0,3.0,,,1.0,3.0,0.0,0.0,0.0,0.0,,0.0,0.0,0.0,1.0,1.0,0.0,0.0,0.0,0.0,1.0,0.0,0.0,0.0,1.0,0.0,0.0,0.0,0.0,1.0,0.0,0.0,0.0,0.0,1.0,0.0,0.0,0.0,1.0,1.0,0.0,1.0,1.0,1.0,1.0,1.0,0.0,1.0,1.0,1.0,0.0,0.0,0.0,1.0,1.0,1.0,0.0,0.0,1.0,1.0,0.0,0.0,0.0,0.0,0.0,0.0,1.0,1.0,1.0,0.0,1.0,1.0,0.0,0.0,0.0,0.0,0.0,1.0,0.0,1.0,0.0,1.0,0.0,0.0,12.0,0.0,12.0,2.0,1.0,0.0,1.0,1.0,1.0,1.0,1.0,0.0,1.0,1.0,1.0,2.0,1.0,1.0,1.0,2.0,1.0,2.0,1.0,8.0,1.0,5.0,1.0,25.0,1.0,1.0,1.0,1.0,0.0,1.0,0.0,3.0,1.0,1.0,6.0,1.0,0.0,0.0,0.0,0.0,0.0,3.0,2.0,1.0,0.0,1.0,1.0,0.0,1.0,1.0,0.0,0.0,0.0,0.0,0.0,1.0,0.0,0.0,0.0,0.0,1.0,1.0,1.0,0.0,0.0,0.0,0.0,0.0,,,,,0.0,,,,,,,1.0,1.0,1.0,0.0,0.0,1.0,1.0,0.0,0.0,1.0,1.0,1.0,1.0,0.0,0.0,0.0,1.0,1.0,0.0,0.0,0.0,1.0,1.0,0.0,0.0,0.0,0.0,0.0,0.0,0.0,0.0,0.0,0.0,1.0,0.0,0.0,0.0,0.0,0.0,0.0,0.0
2020,23079789,BRAZ RIBEIRO DA SILVA EMEF,00001,1,30/01/2020,06/01/2021,2,2303,23016,23,2307650,230765005,3,1,0.0,1.0,0.0,0.0,0.0,,,,,,,,,,,1.0,3.0,,,1.0,1.0,0.0,0.0,0.0,0.0,,0.0,0.0,0.0,1.0,1.0,0.0,0.0,0.0,0.0,1.0,0.0,0.0,0.0,1.0,0.0,0.0,0.0,0.0,1.0,0.0,0.0,0.0,0.0,1.0,0.0,0.0,0.0,1.0,0.0,0.0,1.0,0.0,1.0,0.0,1.0,0.0,1.0,1.0,1.0,0.0,0.0,0.0,0.0,1.0,0.0,0.0,0.0,0.0,0.0,0.0,0.0,0.0,0.0,0.0,0.0,1.0,1.0,1.0,0.0,1.0,1.0,0.0,0.0,0.0,0.0,0.0,1.0,0.0,0.0,0.0,0.0,0.0,0.0,9.0,0.0,9.0,1.0,0.0,0.0,1.0,1.0,1.0,0.0,0.0,0.0,1.0,2.0,1.0,2.0,1.0,2.0,1.0,1.0,1.0,2.0,0.0,0.0,0.0,0.0,0.0,0.0,1.0,0.0,1.0,0.0,0.0,0.0,0.0,1.0,1.0,1.0,4.0,0.0,0.0,0.0,0.0,0.0,0.0,1.0,1.0,1.0,0.0,0.0,2.0,0.0,1.0,1.0,0.0,0.0,0.0,0.0,0.0,0.0,0.0,0.0,0.0,0.0,1.0,1.0,0.0,0.0,0.0,0.0,0.0,0.0,,,,,0.0,,,,,,,1.0,1.0,1.0,0.0,0.0,1.0,0.0,0.0,0.0,0.0,1.0,1.0,1.0,0.0,0.0,0.0,1.0,0.0,0.0,0.0,1.0,1.0,0.0,0.0,0.0,0.0,0.0,0.0,0.0,0.0,0.0,0.0,0.0,0.0,0.0,0.0,0.0,0.0,0.0,0.0,0.0
2020,23079835,CARLOS JEREISSATI SEN EMEIEF,00001,1,30/01/2020,23/12/2020,2,2303,23016,23,2307650,230765005,3,1,0.0,1.0,0.0,0.0,0.0,,,,,,,,,,,1.0,3.0,,,1.0,1.0,0.0,0.0,0.0,0.0,,0.0,0.0,0.0,1.0,1.0,0.0,0.0,0.0,0.0,1.0,0.0,0.0,0.0,1.0,0.0,0.0,0.0,0.0,1.0,0.0,0.0,0.0,0.0,0.0,0.0,0.0,1.0,1.0,0.0,0.0,1.0,1.0,1.0,1.0,0.0,0.0,1.0,1.0,1.0,0.0,0.0,0.0,0.0,1.0,0.0,1.0,0.0,1.0,1.0,0.0,0.0,0.0,0.0,0.0,0.0,1.0,1.0,1.0,0.0,1.0,1.0,0.0,0.0,0.0,0.0,0.0,1.0,0.0,1.0,0.0,0.0,0.0,0.0,14.0,0.0,14.0,7.0,14.0,0.0,1.0,1.0,1.0,1.0,1.0,0.0,0.0,0.0,1.0,3.0,1.0,1.0,1.0,1.0,1.0,1.0,1.0,2.0,1.0,2.0,0.0,0.0,1.0,1.0,1.0,1.0,0.0,0.0,1.0,3.0,1.0,2.0,6.0,1.0,0.0,0.0,0.0,0.0,0.0,3.0,2.0,1.0,2.0,0.0,1.0,0.0,1.0,1.0,0.0,0.0,0.0,0.0,0.0,0.0,1.0,0.0,0.0,1.0,1.0,1.0,1.0,0.0,0.0,0.0,0.0,0.0,,,,,0.0,,,,,,,1.0,1.0,0.0,0.0,0.0,1.0,1.0,1.0,0.0,1.0,1.0,1.0,1.0,0.0,0.0,0.0,1.0,0.0,0.0,0.0,1.0,1.0,1.0,0.0,0.0,0.0,0.0,0.0,0.0,0.0,0.0,0.0,0.0,0.0,0.0,0.0,0.0,0.0,0.0,0.0,0.0
2020,23079894,CESAR CALS DE OLIVEIRA FILHO GOVERNADOR EMEIEF,00001,1,30/01/2020,28/12/2020,2,2303,23016,23,2307650,230765005,3,1,0.0,1.0,0.0,0.0,0.0,,,,,,,,,,,1.0,3.0,,,1.0,1.0,0.0,0.0,0.0,0.0,,0.0,0.0,1.0,1.0,1.0,0.0,0.0,0.0,0.0,1.0,0.0,0.0,0.0,0.0,0.0,1.0,1.0,0.0,1.0,0.0,0.0,0.0,0.0,0.0,0.0,0.0,1.0,1.0,1.0,1.0,1.0,1.0,1.0,1.0,1.0,0.0,1.0,1.0,1.0,0.0,0.0,0.0,1.0,1.0,0.0,1.0,0.0,1.0,1.0,0.0,0.0,0.0,0.0,0.0,0.0,1.0,1.0,1.0,0.0,1.0,1.0,0.0,0.0,0.0,0.0,0.0,1.0,0.0,1.0,0.0,0.0,0.0,0.0,10.0,0.0,10.0,0.0,0.0,0.0,1.0,1.0,1.0,1.0,0.0,0.0,1.0,2.0,1.0,3.0,1.0,3.0,1.0,1.0,1.0,1.0,1.0,10.0,1.0,5.0,1.0,14.0,1.0,1.0,1.0,1.0,0.0,1.0,0.0,1.0,1.0,0.0,6.0,2.0,0.0,0.0,0.0,0.0,0.0,3.0,2.0,1.0,0.0,1.0,1.0,0.0,1.0,1.0,0.0,0.0,0.0,0.0,0.0,0.0,1.0,0.0,1.0,0.0,1.0,0.0,1.0,0.0,1.0,0.0,0.0,0.0,,,,,0.0,,,,,,,1.0,1.0,1.0,0.0,0.0,1.0,1.0,0.0,0.0,1.0,1.0,1.0,1.0,0.0,0.0,0.0,1.0,1.0,0.0,0.0,1.0,1.0,1.0,0.0,0.0,0.0,0.0,0.0,0.0,0.0,0.0,0.0,0.0,1.0,0.0,0.0,0.0,0.0,0.0,0.0,0.0
2020,23079908,CESAR CALS NETO EMEIEF,00001,1,30/01/2020,07/01/2021,2,2303,23016,23,2307650,230765005,3,1,0.0,1.0,0.0,0.0,0.0,,,,,,,,,,,1.0,3.0,,,1.0,1.0,0.0,0.0,0.0,0.0,,0.0,0.0,0.0,1.0,1.0,0.0,0.0,0.0,0.0,1.0,0.0,0.0,0.0,0.0,0.0,1.0,1.0,0.0,1.0,0.0,0.0,0.0,0.0,0.0,0.0,0.0,1.0,1.0,0.0,0.0,1.0,0.0,1.0,0.0,1.0,0.0,0.0,1.0,1.0,0.0,0.0,0.0,1.0,0.0,1.0,0.0,0.0,0.0,0.0,0.0,0.0,0.0,0.0,0.0,0.0,1.0,0.0,1.0,0.0,1.0,0.0,0.0,0.0,0.0,0.0,0.0,0.0,0.0,1.0,0.0,0.0,0.0,0.0,5.0,0.0,5.0,3.0,0.0,0.0,1.0,1.0,0.0,1.0,0.0,0.0,1.0,1.0,1.0,2.0,1.0,1.0,1.0,1.0,1.0,3.0,1.0,7.0,1.0,3.0,0.0,0.0,1.0,0.0,1.0,1.0,0.0,0.0,0.0,2.0,1.0,0.0,4.0,0.0,0.0,0.0,0.0,0.0,0.0,1.0,1.0,1.0,2.0,1.0,0.0,0.0,1.0,1.0,0.0,0.0,0.0,0.0,0.0,1.0,0.0,0.0,0.0,0.0,1.0,1.0,1.0,0.0,0.0,0.0,0.0,0.0,,,,,0.0,,,,,,,1.0,1.0,1.0,0.0,0.0,1.0,1.0,0.0,0.0,1.0,0.0,1.0,1.0,0.0,0.0,0.0,1.0,0.0,0.0,0.0,0.0,1.0,1.0,0.0,0.0,0.0,0.0,0.0,0.0,0.0,0.0,0.0,0.0,0.0,0.0,0.0,0.0,0.0,0.0,0.0,0.0
2020,23080167,EDWIRGES SANTA EMEIEF,00001,1,30/01/2020,28/12/2020,2,2303,23016,23,2307650,230765005,3,1,0.0,1.0,0.0,0.0,0.0,,,,,,,,,,,1.0,3.0,,,1.0,1.0,0.0,0.0,0.0,0.0,,0.0,0.0,0.0,1.0,1.0,0.0,0.0,0.0,0.0,1.0,0.0,0.0,0.0,0.0,0.0,1.0,1.0,0.0,1.0,0.0,0.0,0.0,0.0,0.0,0.0,0.0,1.0,1.0,0.0,0.0,1.0,0.0,1.0,1.0,0.0,0.0,1.0,1.0,0.0,0.0,0.0,0.0,0.0,1.0,1.0,1.0,0.0,0.0,0.0,0.0,0.0,0.0,0.0,0.0,0.0,0.0,1.0,1.0,0.0,1.0,0.0,0.0,0.0,0.0,0.0,0.0,1.0,0.0,1.0,0.0,0.0,0.0,0.0,6.0,0.0,6.0,3.0,0.0,0.0,1.0,1.0,1.0,0.0,0.0,0.0,1.0,2.0,1.0,3.0,1.0,2.0,1.0,1.0,1.0,2.0,0.0,0.0,0.0,0.0,1.0,10.0,1.0,0.0,1.0,1.0,0.0,0.0,0.0,2.0,1.0,1.0,3.0,0.0,0.0,0.0,0.0,0.0,0.0,2.0,1.0,1.0,0.0,0.0,0.0,0.0,1.0,1.0,0.0,0.0,0.0,0.0,0.0,0.0,1.0,0.0,0.0,0.0,1.0,0.0,1.0,0.0,0.0,0.0,0.0,0.0,,,,,0.0,,,,,,,1.0,0.0,0.0,0.0,0.0,1.0,1.0,0.0,0.0,0.0,0.0,1.0,1.0,0.0,0.0,0.0,1.0,0.0,0.0,0.0,1.0,1.0,1.0,0.0,0.0,0.0,0.0,0.0,0.0,0.0,0.0,0.0,0.0,0.0,0.0,0.0,0.0,0.0,0.0,0.0,0.0
2020,23080256,EVANDRO AYRES DE MOURA EMEF,00001,1,30/01/2020,28/12/2020,2,2303,23016,23,2307650,230765005,3,1,0.0,1.0,0.0,0.0,0.0,,,,,,,,,,,1.0,3.0,,,1.0,1.0,0.0,0.0,0.0,0.0,,0.0,0.0,0.0,1.0,1.0,0.0,0.0,0.0,0.0,1.0,0.0,0.0,0.0,0.0,1.0,0.0,1.0,0.0,1.0,0.0,0.0,0.0,0.0,0.0,0.0,0.0,1.0,1.0,0.0,0.0,1.0,0.0,1.0,1.0,1.0,0.0,1.0,1.0,1.0,0.0,0.0,0.0,1.0,1.0,1.0,0.0,0.0,1.0,1.0,0.0,1.0,0.0,0.0,0.0,0.0,1.0,1.0,1.0,0.0,1.0,1.0,0.0,0.0,0.0,1.0,0.0,1.0,1.0,1.0,0.0,0.0,0.0,0.0,14.0,0.0,14.0,3.0,13.0,0.0,1.0,0.0,1.0,1.0,0.0,0.0,1.0,10.0,1.0,5.0,1.0,3.0,1.0,1.0,1.0,2.0,1.0,8.0,1.0,8.0,1.0,23.0,1.0,1.0,1.0,1.0,0.0,1.0,0.0,1.0,1.0,5.0,10.0,1.0,0.0,0.0,0.0,0.0,0.0,3.0,5.0,1.0,2.0,2.0,1.0,0.0,1.0,1.0,0.0,0.0,0.0,0.0,0.0,0.0,0.0,0.0,0.0,0.0,1.0,1.0,1.0,0.0,0.0,0.0,0.0,0.0,,,,,0.0,,,,,,,1.0,1.0,0.0,0.0,0.0,1.0,1.0,0.0,0.0,1.0,1.0,1.0,1.0,0.0,0.0,0.0,1.0,1.0,0.0,0.0,0.0,1.0,1.0,0.0,0.0,0.0,0.0,0.0,0.0,0.0,0.0,0.0,0.0,1.0,0.0,0.0,0.0,0.0,0.0,0.0,0.0
2020,23080299,FRANCISCO ANTONIO FONTENELE EMEIEF,00001,1,30/01/2020,28/12/2020,2,2303,23016,23,2307650,230765005,3,1,0.0,1.0,0.0,0.0,0.0,,,,,,,,,,,1.0,3.0,,,1.0,1.0,0.0,0.0,0.0,0.0,,0.0,0.0,0.0,1.0,1.0,0.0,0.0,0.0,0.0,1.0,0.0,0.0,0.0,0.0,0.0,1.0,1.0,0.0,1.0,0.0,0.0,0.0,0.0,0.0,0.0,0.0,1.0,1.0,0.0,0.0,1.0,0.0,1.0,1.0,1.0,0.0,1.0,1.0,1.0,0.0,0.0,0.0,0.0,1.0,1.0,1.0,0.0,1.0,1.0,0.0,0.0,0.0,0.0,0.0,0.0,1.0,1.0,1.0,0.0,1.0,1.0,0.0,0.0,0.0,1.0,0.0,1.0,0.0,1.0,0.0,0.0,0.0,0.0,11.0,0.0,11.0,1.0,0.0,0.0,1.0,1.0,1.0,1.0,0.0,0.0,1.0,3.0,1.0,3.0,1.0,2.0,1.0,1.0,1.0,2.0,0.0,0.0,1.0,4.0,0.0,0.0,1.0,1.0,1.0,1.0,0.0,1.0,0.0,3.0,1.0,3.0,4.0,0.0,0.0,0.0,0.0,0.0,0.0,2.0,2.0,1.0,2.0,0.0,1.0,0.0,1.0,1.0,0.0,0.0,0.0,0.0,0.0,1.0,1.0,0.0,1.0,1.0,1.0,0.0,1.0,0.0,0.0,0.0,0.0,0.0,,,,,0.0,,,,,,,1.0,1.0,1.0,0.0,0.0,1.0,1.0,0.0,0.0,1.0,1.0,1.0,1.0,0.0,0.0,0.0,1.0,0.0,0.0,0.0,1.0,1.0,1.0,0.0,0.0,0.0,0.0,0.0,0.0,0.0,0.0,0.0,0.0,0.0,0.0,0.0,0.0,0.0,0.0,0.0,0.0
2020,23080302,FRANCISCO BARBOSA COMISSARIO EMEIEF,00001,1,30/01/2020,08/02/2021,2,2303,23016,23,2307650,230765005,3,1,0.0,1.0,0.0,0.0,0.0,,,,,,,,,,,1.0,3.0,,,1.0,1.0,0.0,0.0,0.0,0.0,,0.0,0.0,0.0,1.0,1.0,0.0,0.0,0.0,0.0,1.0,0.0,0.0,0.0,1.0,0.0,0.0,0.0,0.0,1.0,0.0,0.0,0.0,0.0,1.0,0.0,0.0,0.0,1.0,1.0,0.0,1.0,0.0,1.0,0.0,1.0,0.0,1.0,1.0,1.0,0.0,0.0,1.0,0.0,1.0,1.0,0.0,0.0,1.0,1.0,0.0,1.0,0.0,0.0,0.0,0.0,1.0,1.0,1.0,0.0,1.0,1.0,0.0,0.0,0.0,0.0,0.0,1.0,0.0,1.0,0.0,1.0,0.0,0.0,16.0,0.0,16.0,0.0,0.0,0.0,1.0,1.0,1.0,1.0,0.0,0.0,1.0,1.0,1.0,5.0,1.0,8.0,1.0,1.0,1.0,4.0,0.0,0.0,0.0,0.0,1.0,10.0,1.0,0.0,1.0,1.0,0.0,0.0,0.0,1.0,1.0,2.0,11.0,0.0,0.0,0.0,0.0,0.0,0.0,3.0,2.0,1.0,0.0,0.0,1.0,0.0,1.0,1.0,0.0,0.0,0.0,0.0,0.0,1.0,0.0,1.0,1.0,0.0,1.0,0.0,1.0,0.0,1.0,1.0,0.0,0.0,,,,,0.0,,,,,,,1.0,1.0,1.0,0.0,0.0,1.0,1.0,0.0,0.0,1.0,1.0,1.0,1.0,0.0,0.0,0.0,1.0,0.0,0.0,0.0,0.0,1.0,1.0,0.0,0.0,0.0,0.0,0.0,0.0,0.0,0.0,0.0,0.0,0.0,0.0,0.0,0.0,0.0,0.0,0.0,0.0
2020,23080426,GENCIANO GUERREIRO DE BRITO EMEF,00001,1,30/01/2020,23/12/2020,2,2303,23016,23,2307650,230765005,3,1,0.0,1.0,0.0,0.0,0.0,,,,,,,,,,,1.0,3.0,,,1.0,1.0,0.0,0.0,0.0,0.0,,0.0,0.0,0.0,1.0,1.0,0.0,0.0,0.0,0.0,1.0,0.0,0.0,0.0,1.0,0.0,0.0,0.0,0.0,1.0,0.0,0.0,0.0,0.0,0.0,0.0,0.0,1.0,1.0,0.0,0.0,1.0,0.0,1.0,0.0,1.0,0.0,1.0,1.0,1.0,0.0,0.0,0.0,1.0,1.0,0.0,0.0,0.0,0.0,0.0,0.0,0.0,0.0,0.0,0.0,0.0,1.0,1.0,1.0,0.0,1.0,0.0,0.0,0.0,0.0,0.0,0.0,0.0,1.0,0.0,0.0,0.0,0.0,0.0,11.0,0.0,11.0,5.0,0.0,0.0,1.0,1.0,1.0,1.0,0.0,0.0,1.0,3.0,1.0,7.0,1.0,3.0,0.0,0.0,1.0,1.0,1.0,14.0,0.0,0.0,0.0,0.0,1.0,0.0,0.0,1.0,0.0,0.0,0.0,1.0,1.0,2.0,6.0,1.0,0.0,0.0,0.0,0.0,0.0,3.0,3.0,1.0,2.0,1.0,1.0,0.0,1.0,1.0,0.0,0.0,0.0,0.0,0.0,1.0,0.0,0.0,1.0,1.0,1.0,1.0,1.0,0.0,0.0,0.0,0.0,0.0,,,,,0.0,,,,,,,1.0,1.0,0.0,0.0,0.0,1.0,0.0,0.0,0.0,1.0,0.0,0.0,1.0,0.0,0.0,0.0,1.0,0.0,0.0,0.0,1.0,1.0,0.0,0.0,0.0,0.0,0.0,0.0,0.0,0.0,0.0,0.0,0.0,0.0,0.0,0.0,0.0,0.0,0.0,0.0,0.0
2020,23080590,JOSE ASSIS DE OLIVEIRA EMEIEF,00001,1,30/01/2020,28/12/2020,2,2303,23016,23,2307650,230765005,3,1,0.0,1.0,0.0,0.0,0.0,,,,,,,,,,,1.0,3.0,,,1.0,1.0,0.0,0.0,0.0,0.0,,0.0,1.0,0.0,1.0,1.0,0.0,0.0,0.0,0.0,1.0,0.0,0.0,0.0,0.0,0.0,1.0,1.0,0.0,1.0,0.0,0.0,0.0,0.0,0.0,0.0,0.0,1.0,1.0,1.0,0.0,1.0,1.0,1.0,1.0,0.0,0.0,0.0,1.0,1.0,0.0,0.0,0.0,1.0,1.0,0.0,0.0,0.0,1.0,1.0,0.0,0.0,0.0,0.0,0.0,0.0,1.0,0.0,1.0,0.0,1.0,1.0,0.0,0.0,0.0,1.0,0.0,0.0,0.0,1.0,0.0,0.0,0.0,0.0,18.0,6.0,24.0,3.0,18.0,0.0,1.0,1.0,1.0,1.0,0.0,0.0,1.0,3.0,1.0,5.0,1.0,2.0,1.0,1.0,1.0,2.0,1.0,7.0,1.0,3.0,0.0,0.0,1.0,1.0,1.0,1.0,0.0,1.0,0.0,1.0,1.0,1.0,10.0,0.0,0.0,0.0,0.0,0.0,0.0,4.0,10.0,1.0,1.0,1.0,1.0,0.0,1.0,1.0,0.0,0.0,0.0,0.0,0.0,1.0,0.0,0.0,1.0,0.0,1.0,0.0,1.0,0.0,0.0,0.0,0.0,0.0,,,,,0.0,,,,,,,1.0,1.0,1.0,0.0,0.0,1.0,1.0,0.0,0.0,1.0,1.0,1.0,1.0,0.0,0.0,0.0,1.0,1.0,0.0,1.0,1.0,1.0,1.0,0.0,0.0,0.0,0.0,0.0,0.0,0.0,0.0,0.0,0.0,1.0,0.0,0.0,0.0,0.0,0.0,0.0,0.0
2020,23080604,JATOBA EMEF,00001,1,30/01/2020,30/12/2020,2,2303,23016,23,2307650,230765005,3,1,0.0,1.0,0.0,0.0,0.0,,,,,,,,,,,1.0,3.0,,,1.0,1.0,0.0,0.0,0.0,0.0,,0.0,0.0,0.0,1.0,1.0,0.0,0.0,0.0,0.0,1.0,0.0,0.0,0.0,1.0,0.0,0.0,0.0,0.0,1.0,0.0,0.0,0.0,0.0,1.0,0.0,0.0,0.0,1.0,0.0,0.0,1.0,0.0,1.0,1.0,1.0,0.0,1.0,1.0,1.0,0.0,0.0,0.0,1.0,1.0,0.0,0.0,0.0,1.0,1.0,0.0,0.0,0.0,0.0,0.0,0.0,1.0,1.0,1.0,0.0,1.0,0.0,0.0,0.0,0.0,0.0,0.0,0.0,1.0,0.0,0.0,0.0,0.0,0.0,16.0,0.0,16.0,0.0,0.0,0.0,1.0,1.0,0.0,1.0,0.0,0.0,0.0,0.0,1.0,2.0,1.0,1.0,0.0,0.0,1.0,3.0,1.0,7.0,1.0,3.0,0.0,0.0,1.0,0.0,1.0,0.0,0.0,0.0,0.0,0.0,1.0,2.0,10.0,1.0,0.0,0.0,0.0,0.0,0.0,2.0,1.0,1.0,0.0,0.0,1.0,0.0,1.0,1.0,0.0,0.0,0.0,0.0,0.0,1.0,0.0,0.0,1.0,0.0,1.0,0.0,1.0,0.0,0.0,0.0,0.0,0.0,,,,,0.0,,,,,,,1.0,1.0,0.0,0.0,0.0,1.0,1.0,0.0,0.0,1.0,0.0,1.0,1.0,0.0,0.0,0.0,1.0,0.0,0.0,0.0,0.0,0.0,1.0,0.0,0.0,0.0,0.0,0.0,0.0,0.0,0.0,0.0,0.0,0.0,0.0,0.0,0.0,0.0,0.0,0.0,0.0
2020,23080647,JOAQUIM AGUIAR EMEIEF,00001,1,30/01/2020,06/01/2021,2,2303,23016,23,2307650,230765005,3,1,0.0,1.0,0.0,0.0,0.0,,,,,,,,,,,1.0,3.0,,,1.0,3.0,0.0,0.0,0.0,0.0,,0.0,1.0,0.0,1.0,1.0,0.0,0.0,0.0,0.0,1.0,0.0,0.0,0.0,1.0,0.0,0.0,0.0,0.0,1.0,0.0,0.0,0.0,0.0,0.0,0.0,0.0,1.0,1.0,0.0,1.0,1.0,0.0,1.0,1.0,1.0,0.0,1.0,1.0,1.0,0.0,0.0,0.0,0.0,1.0,0.0,0.0,0.0,0.0,0.0,0.0,1.0,0.0,0.0,0.0,0.0,1.0,1.0,1.0,0.0,1.0,0.0,0.0,0.0,0.0,0.0,0.0,0.0,0.0,1.0,0.0,0.0,0.0,0.0,6.0,5.0,11.0,3.0,6.0,1.0,1.0,0.0,1.0,1.0,0.0,0.0,1.0,4.0,1.0,4.0,1.0,4.0,1.0,1.0,1.0,2.0,1.0,2.0,1.0,3.0,0.0,0.0,1.0,1.0,1.0,1.0,0.0,1.0,0.0,3.0,1.0,2.0,7.0,0.0,0.0,0.0,0.0,0.0,0.0,3.0,3.0,1.0,0.0,0.0,1.0,0.0,1.0,1.0,0.0,0.0,0.0,0.0,0.0,1.0,1.0,0.0,1.0,0.0,1.0,1.0,1.0,0.0,0.0,0.0,0.0,0.0,,,,,0.0,,,,,,,0.0,0.0,0.0,0.0,0.0,1.0,1.0,0.0,0.0,1.0,0.0,1.0,1.0,0.0,0.0,0.0,1.0,1.0,0.0,0.0,1.0,1.0,1.0,0.0,0.0,0.0,0.0,0.0,0.0,0.0,0.0,0.0,0.0,1.0,0.0,0.0,0.0,0.0,0.0,0.0,0.0
2020,23080663,JOSE BELISARIO DE SOUSA - EMEF,00001,1,30/01/2020,28/12/2020,2,2303,23016,23,2307650,230765005,3,1,0.0,1.0,0.0,0.0,0.0,,,,,,,,,,,1.0,3.0,,,1.0,1.0,0.0,0.0,0.0,0.0,,0.0,0.0,0.0,1.0,1.0,0.0,0.0,0.0,0.0,1.0,0.0,0.0,0.0,1.0,0.0,0.0,0.0,0.0,1.0,0.0,0.0,0.0,0.0,0.0,0.0,0.0,1.0,1.0,0.0,0.0,1.0,1.0,1.0,1.0,1.0,0.0,1.0,1.0,1.0,0.0,0.0,0.0,0.0,1.0,1.0,0.0,0.0,0.0,0.0,0.0,0.0,0.0,0.0,0.0,0.0,1.0,1.0,1.0,0.0,1.0,1.0,0.0,0.0,0.0,0.0,0.0,1.0,1.0,1.0,0.0,1.0,0.0,0.0,6.0,0.0,6.0,1.0,6.0,0.0,1.0,0.0,1.0,1.0,1.0,0.0,1.0,1.0,1.0,4.0,1.0,1.0,1.0,1.0,1.0,1.0,1.0,3.0,1.0,4.0,1.0,2.0,1.0,0.0,1.0,1.0,0.0,0.0,0.0,3.0,1.0,2.0,5.0,1.0,0.0,0.0,0.0,0.0,0.0,2.0,1.0,1.0,0.0,0.0,0.0,0.0,1.0,1.0,0.0,0.0,0.0,0.0,0.0,1.0,0.0,0.0,0.0,0.0,1.0,1.0,1.0,0.0,0.0,0.0,0.0,0.0,,,,,0.0,,,,,,,1.0,0.0,0.0,0.0,0.0,1.0,0.0,0.0,0.0,1.0,1.0,1.0,1.0,0.0,0.0,0.0,1.0,0.0,0.0,0.0,0.0,1.0,0.0,0.0,0.0,0.0,0.0,0.0,0.0,0.0,0.0,0.0,0.0,0.0,0.0,0.0,0.0,0.0,0.0,0.0,0.0
2020,23080671,JOSE DE BORBA VASCONCELOS DR EMEF,00001,1,30/01/2020,28/12/2020,2,2303,23016,23,2307650,230765005,3,1,0.0,1.0,0.0,0.0,0.0,,,,,,,,,,,1.0,3.0,,,1.0,1.0,0.0,0.0,0.0,0.0,,0.0,0.0,0.0,1.0,1.0,0.0,0.0,0.0,0.0,1.0,0.0,0.0,0.0,1.0,0.0,0.0,0.0,0.0,1.0,0.0,0.0,0.0,0.0,0.0,0.0,0.0,1.0,1.0,1.0,0.0,1.0,0.0,1.0,1.0,1.0,0.0,1.0,1.0,1.0,0.0,0.0,0.0,1.0,1.0,0.0,0.0,0.0,1.0,1.0,0.0,1.0,0.0,0.0,0.0,0.0,1.0,1.0,1.0,0.0,1.0,0.0,0.0,0.0,0.0,0.0,0.0,0.0,1.0,1.0,0.0,1.0,0.0,0.0,11.0,0.0,11.0,0.0,11.0,0.0,1.0,1.0,0.0,1.0,1.0,0.0,1.0,1.0,1.0,1.0,1.0,4.0,1.0,2.0,1.0,3.0,1.0,3.0,1.0,9.0,1.0,24.0,1.0,1.0,1.0,1.0,0.0,1.0,0.0,3.0,1.0,2.0,6.0,1.0,0.0,0.0,0.0,0.0,0.0,4.0,2.0,1.0,0.0,5.0,1.0,0.0,1.0,1.0,0.0,0.0,0.0,0.0,0.0,1.0,0.0,1.0,1.0,1.0,1.0,1.0,1.0,0.0,0.0,0.0,0.0,0.0,,,,,0.0,,,,,,,1.0,1.0,0.0,0.0,0.0,1.0,1.0,0.0,0.0,1.0,0.0,0.0,1.0,0.0,0.0,0.0,1.0,0.0,0.0,0.0,0.0,0.0,1.0,0.0,0.0,0.0,0.0,0.0,0.0,0.0,0.0,0.0,0.0,0.0,0.0,0.0,0.0,0.0,0.0,0.0,0.0
2020,23080698,JOSE MARIO BARBOSA EMEIEF,00001,1,29/01/2020,31/12/2020,2,2303,23016,23,2307650,230765005,3,2,0.0,1.0,0.0,0.0,0.0,,,,,,,,,,,1.0,3.0,,,1.0,1.0,0.0,0.0,0.0,0.0,,0.0,0.0,0.0,1.0,1.0,0.0,0.0,0.0,0.0,1.0,0.0,0.0,0.0,0.0,1.0,0.0,1.0,0.0,1.0,0.0,0.0,0.0,0.0,0.0,0.0,0.0,1.0,0.0,0.0,0.0,1.0,1.0,1.0,0.0,1.0,1.0,1.0,1.0,1.0,0.0,0.0,0.0,1.0,1.0,0.0,0.0,0.0,1.0,1.0,0.0,0.0,0.0,0.0,0.0,0.0,1.0,1.0,1.0,0.0,1.0,1.0,0.0,0.0,0.0,1.0,0.0,1.0,1.0,1.0,0.0,0.0,0.0,0.0,10.0,0.0,10.0,4.0,10.0,0.0,1.0,1.0,1.0,1.0,0.0,0.0,1.0,2.0,1.0,9.0,1.0,3.0,1.0,1.0,1.0,3.0,1.0,4.0,1.0,25.0,1.0,13.0,1.0,1.0,1.0,0.0,0.0,1.0,1.0,3.0,1.0,2.0,7.0,0.0,0.0,0.0,0.0,0.0,0.0,3.0,5.0,1.0,1.0,1.0,1.0,0.0,1.0,1.0,0.0,0.0,0.0,0.0,0.0,1.0,0.0,1.0,0.0,1.0,1.0,1.0,1.0,0.0,0.0,1.0,0.0,0.0,,,,,0.0,,,,,,,1.0,0.0,0.0,0.0,0.0,1.0,1.0,0.0,0.0,1.0,1.0,0.0,1.0,0.0,0.0,0.0,1.0,0.0,0.0,0.0,0.0,1.0,1.0,0.0,0.0,0.0,0.0,0.0,0.0,0.0,0.0,0.0,0.0,0.0,0.0,0.0,0.0,0.0,0.0,0.0,0.0
2020,23080728,JOSE NOGUEIRA MOTA EMEIFE,00001,1,30/01/2020,09/01/2021,2,2303,23016,23,2307650,230765005,3,2,0.0,1.0,0.0,0.0,0.0,,,,,,,,,,,1.0,3.0,,,1.0,1.0,0.0,0.0,0.0,0.0,,0.0,0.0,0.0,1.0,1.0,0.0,0.0,0.0,0.0,1.0,0.0,0.0,0.0,0.0,0.0,1.0,1.0,0.0,1.0,0.0,0.0,0.0,0.0,0.0,0.0,0.0,1.0,0.0,0.0,0.0,1.0,1.0,1.0,0.0,0.0,0.0,1.0,1.0,1.0,0.0,0.0,0.0,0.0,1.0,0.0,0.0,0.0,0.0,0.0,0.0,0.0,0.0,0.0,0.0,0.0,0.0,1.0,1.0,0.0,1.0,0.0,0.0,0.0,0.0,1.0,0.0,1.0,1.0,1.0,0.0,0.0,0.0,0.0,5.0,0.0,5.0,0.0,0.0,0.0,1.0,0.0,1.0,1.0,1.0,0.0,1.0,2.0,1.0,2.0,1.0,1.0,0.0,0.0,1.0,1.0,1.0,3.0,0.0,0.0,0.0,0.0,1.0,0.0,1.0,1.0,0.0,0.0,0.0,2.0,1.0,0.0,3.0,0.0,0.0,0.0,0.0,0.0,0.0,1.0,1.0,1.0,0.0,0.0,0.0,0.0,1.0,1.0,0.0,0.0,0.0,0.0,0.0,1.0,1.0,0.0,1.0,1.0,1.0,0.0,1.0,0.0,0.0,0.0,0.0,0.0,,,,,0.0,,,,,,,1.0,0.0,1.0,0.0,0.0,1.0,1.0,0.0,0.0,1.0,0.0,1.0,1.0,0.0,0.0,0.0,1.0,0.0,0.0,0.0,1.0,1.0,1.0,0.0,0.0,0.0,0.0,0.0,0.0,0.0,0.0,0.0,0.0,0.0,0.0,0.0,0.0,0.0,0.0,0.0,0.0
2020,23080809,LICEU DE MARACANAU EMEF,00001,1,30/01/2020,28/12/2020,2,2303,23016,23,2307650,230765005,3,1,0.0,1.0,0.0,0.0,0.0,,,,,,,,,,,1.0,3.0,,,1.0,1.0,0.0,0.0,0.0,0.0,,0.0,0.0,0.0,1.0,1.0,0.0,1.0,0.0,0.0,1.0,0.0,0.0,0.0,0.0,1.0,0.0,1.0,0.0,1.0,0.0,0.0,0.0,0.0,0.0,0.0,0.0,1.0,1.0,1.0,0.0,1.0,0.0,1.0,1.0,1.0,1.0,1.0,1.0,1.0,0.0,0.0,0.0,1.0,1.0,0.0,0.0,0.0,1.0,1.0,0.0,0.0,0.0,0.0,0.0,0.0,1.0,1.0,1.0,0.0,1.0,1.0,0.0,0.0,0.0,0.0,0.0,1.0,1.0,1.0,0.0,0.0,0.0,0.0,15.0,0.0,15.0,3.0,0.0,1.0,1.0,1.0,1.0,1.0,0.0,0.0,1.0,3.0,1.0,1.0,1.0,3.0,1.0,1.0,1.0,4.0,1.0,14.0,1.0,6.0,0.0,0.0,1.0,1.0,1.0,1.0,0.0,1.0,0.0,1.0,1.0,5.0,9.0,2.0,0.0,0.0,0.0,0.0,0.0,2.0,2.0,1.0,2.0,5.0,1.0,0.0,1.0,1.0,0.0,0.0,0.0,0.0,0.0,0.0,0.0,0.0,1.0,1.0,1.0,0.0,1.0,0.0,0.0,0.0,0.0,0.0,,,,,0.0,,,,,,,1.0,1.0,1.0,0.0,0.0,1.0,1.0,0.0,0.0,1.0,1.0,1.0,1.0,0.0,0.0,0.0,1.0,0.0,0.0,0.0,0.0,0.0,1.0,0.0,0.0,0.0,0.0,0.0,0.0,0.0,0.0,0.0,0.0,0.0,0.0,0.0,0.0,0.0,0.0,0.0,0.0
2020,23080914,MARIA PEREIRA DA SILVA EMEF,00001,1,30/01/2020,06/01/2021,2,2303,23016,23,2307650,230765030,3,1,0.0,1.0,0.0,0.0,0.0,,,,,,,,,,,1.0,3.0,,,1.0,2.0,0.0,0.0,0.0,0.0,,0.0,0.0,0.0,0.0,1.0,0.0,0.0,0.0,0.0,1.0,0.0,0.0,0.0,1.0,0.0,0.0,0.0,0.0,1.0,0.0,0.0,0.0,0.0,0.0,0.0,0.0,1.0,1.0,1.0,0.0,1.0,0.0,1.0,0.0,1.0,0.0,1.0,1.0,1.0,0.0,0.0,0.0,1.0,1.0,0.0,0.0,0.0,1.0,1.0,0.0,0.0,0.0,0.0,0.0,0.0,1.0,1.0,1.0,0.0,1.0,1.0,0.0,0.0,0.0,0.0,0.0,0.0,0.0,0.0,0.0,0.0,0.0,1.0,11.0,0.0,11.0,0.0,0.0,0.0,1.0,0.0,1.0,0.0,0.0,0.0,1.0,1.0,1.0,4.0,1.0,1.0,1.0,1.0,1.0,2.0,0.0,0.0,0.0,0.0,1.0,10.0,1.0,0.0,1.0,1.0,0.0,0.0,0.0,0.0,1.0,6.0,7.0,1.0,0.0,0.0,0.0,0.0,0.0,3.0,2.0,1.0,0.0,0.0,1.0,0.0,1.0,1.0,0.0,0.0,0.0,0.0,0.0,1.0,0.0,0.0,0.0,0.0,1.0,0.0,0.0,0.0,0.0,0.0,0.0,0.0,,,,,0.0,,,,,,,1.0,0.0,0.0,0.0,0.0,1.0,1.0,0.0,0.0,1.0,1.0,1.0,1.0,0.0,0.0,0.0,1.0,1.0,0.0,0.0,0.0,0.0,1.0,0.0,0.0,0.0,0.0,0.0,0.0,0.0,0.0,0.0,0.0,1.0,0.0,0.0,0.0,0.0,0.0,0.0,0.0
2020,23080949,MANOEL MOREIRA LIMA EMEIEF,00001,1,30/01/2020,28/12/2020,2,2303,23016,23,2307650,230765005,3,1,0.0,1.0,0.0,0.0,0.0,,,,,,,,,,,1.0,3.0,,,1.0,1.0,0.0,0.0,0.0,0.0,,0.0,0.0,0.0,1.0,1.0,0.0,0.0,0.0,0.0,1.0,0.0,0.0,0.0,0.0,1.0,0.0,1.0,0.0,1.0,0.0,0.0,0.0,0.0,0.0,0.0,0.0,1.0,1.0,1.0,0.0,1.0,0.0,1.0,1.0,1.0,0.0,1.0,1.0,1.0,0.0,0.0,0.0,1.0,1.0,0.0,1.0,0.0,1.0,1.0,0.0,0.0,0.0,0.0,0.0,0.0,1.0,1.0,1.0,0.0,1.0,1.0,0.0,0.0,0.0,1.0,0.0,1.0,1.0,1.0,0.0,0.0,0.0,0.0,14.0,0.0,14.0,0.0,1.0,0.0,1.0,1.0,1.0,1.0,0.0,0.0,1.0,6.0,1.0,9.0,1.0,1.0,1.0,2.0,1.0,3.0,1.0,13.0,1.0,11.0,1.0,8.0,1.0,1.0,1.0,1.0,0.0,1.0,1.0,2.0,1.0,1.0,8.0,1.0,0.0,0.0,0.0,0.0,0.0,2.0,2.0,1.0,0.0,1.0,1.0,0.0,1.0,1.0,0.0,0.0,0.0,0.0,0.0,1.0,1.0,0.0,0.0,0.0,1.0,1.0,1.0,0.0,0.0,0.0,0.0,0.0,,,,,0.0,,,,,,,1.0,1.0,1.0,0.0,0.0,1.0,1.0,0.0,0.0,1.0,1.0,1.0,1.0,0.0,0.0,0.0,1.0,1.0,0.0,1.0,1.0,1.0,1.0,0.0,0.0,0.0,0.0,0.0,0.0,0.0,0.0,0.0,0.0,1.0,0.0,0.0,0.0,0.0,0.0,0.0,0.0
2020,23080957,MANOEL ROSEO LANDIM EMEF,00001,1,30/01/2020,07/01/2021,2,2303,23016,23,2307650,230765005,3,1,0.0,1.0,0.0,0.0,0.0,,,,,,,,,,,1.0,3.0,,,1.0,1.0,0.0,0.0,0.0,0.0,,0.0,0.0,0.0,1.0,1.0,0.0,0.0,0.0,0.0,1.0,0.0,0.0,0.0,0.0,0.0,1.0,1.0,0.0,1.0,0.0,0.0,0.0,0.0,0.0,0.0,0.0,1.0,0.0,1.0,0.0,1.0,1.0,1.0,0.0,1.0,0.0,1.0,1.0,1.0,0.0,0.0,0.0,1.0,1.0,0.0,1.0,0.0,1.0,1.0,0.0,0.0,0.0,0.0,0.0,0.0,1.0,1.0,1.0,0.0,1.0,1.0,0.0,0.0,0.0,0.0,0.0,1.0,0.0,1.0,0.0,0.0,0.0,0.0,11.0,0.0,11.0,1.0,0.0,0.0,1.0,1.0,1.0,1.0,0.0,0.0,1.0,5.0,1.0,4.0,1.0,4.0,1.0,1.0,1.0,2.0,1.0,2.0,1.0,5.0,0.0,0.0,1.0,1.0,1.0,1.0,0.0,1.0,0.0,2.0,1.0,1.0,6.0,1.0,0.0,0.0,0.0,0.0,0.0,2.0,1.0,1.0,2.0,0.0,1.0,0.0,1.0,1.0,0.0,0.0,0.0,0.0,0.0,0.0,1.0,0.0,0.0,1.0,1.0,0.0,1.0,0.0,0.0,0.0,0.0,0.0,,,,,0.0,,,,,,,1.0,0.0,1.0,0.0,0.0,1.0,1.0,0.0,0.0,1.0,1.0,1.0,1.0,0.0,0.0,0.0,1.0,0.0,0.0,0.0,0.0,1.0,1.0,0.0,0.0,0.0,0.0,0.0,0.0,0.0,0.0,0.0,0.0,0.0,0.0,0.0,0.0,0.0,0.0,0.0,0.0
2020,23081139,MIRIAN PORTO MOTA CRECHE MUNICIPAL,00001,1,30/01/2020,28/12/2020,2,2303,23016,23,2307650,230765005,3,1,0.0,1.0,0.0,0.0,0.0,,,,,,,,,,,1.0,3.0,,,1.0,3.0,0.0,0.0,0.0,0.0,,0.0,0.0,0.0,1.0,1.0,0.0,0.0,0.0,0.0,1.0,0.0,0.0,0.0,1.0,0.0,0.0,0.0,0.0,1.0,0.0,0.0,0.0,0.0,0.0,0.0,0.0,1.0,1.0,1.0,0.0,1.0,1.0,0.0,1.0,1.0,0.0,0.0,1.0,1.0,0.0,0.0,0.0,0.0,1.0,1.0,1.0,0.0,0.0,0.0,0.0,1.0,0.0,0.0,0.0,1.0,1.0,0.0,1.0,0.0,1.0,0.0,1.0,0.0,0.0,0.0,0.0,0.0,1.0,1.0,0.0,0.0,0.0,0.0,6.0,0.0,6.0,0.0,0.0,0.0,1.0,0.0,0.0,1.0,0.0,0.0,1.0,6.0,1.0,1.0,1.0,4.0,0.0,0.0,1.0,1.0,0.0,0.0,1.0,1.0,0.0,0.0,1.0,0.0,1.0,0.0,0.0,0.0,0.0,2.0,1.0,0.0,5.0,0.0,0.0,0.0,0.0,0.0,0.0,2.0,0.0,1.0,0.0,0.0,0.0,0.0,1.0,1.0,0.0,0.0,0.0,0.0,0.0,0.0,1.0,0.0,1.0,0.0,1.0,1.0,0.0,0.0,0.0,0.0,0.0,0.0,,,,,0.0,,,,,,,1.0,0.0,1.0,0.0,0.0,1.0,0.0,0.0,0.0,1.0,0.0,0.0,1.0,0.0,0.0,0.0,1.0,0.0,0.0,1.0,0.0,0.0,0.0,0.0,0.0,0.0,0.0,0.0,0.0,0.0,0.0,0.0,0.0,0.0,0.0,0.0,0.0,0.0,0.0,0.0,0.0
2020,23081171,ADAUTO FERREIRA LIMA EMEIEF,00001,1,30/01/2020,06/01/2021,2,2303,23016,23,2307650,230765005,3,1,0.0,1.0,0.0,0.0,0.0,,,,,,,,,,,1.0,3.0,,,1.0,1.0,0.0,0.0,0.0,0.0,,0.0,0.0,0.0,1.0,1.0,0.0,0.0,0.0,0.0,1.0,0.0,0.0,0.0,0.0,0.0,1.0,1.0,0.0,1.0,0.0,0.0,0.0,0.0,0.0,0.0,0.0,1.0,1.0,1.0,0.0,1.0,1.0,1.0,1.0,1.0,1.0,1.0,1.0,1.0,0.0,0.0,0.0,1.0,1.0,0.0,0.0,0.0,1.0,1.0,0.0,0.0,1.0,0.0,0.0,1.0,1.0,1.0,1.0,0.0,1.0,1.0,0.0,0.0,0.0,1.0,0.0,1.0,0.0,1.0,0.0,0.0,0.0,0.0,15.0,0.0,15.0,8.0,15.0,0.0,1.0,1.0,1.0,1.0,0.0,0.0,0.0,0.0,1.0,5.0,1.0,2.0,1.0,1.0,1.0,1.0,1.0,8.0,1.0,3.0,1.0,20.0,1.0,1.0,1.0,1.0,0.0,1.0,0.0,3.0,1.0,4.0,7.0,1.0,0.0,0.0,0.0,0.0,0.0,4.0,2.0,1.0,4.0,5.0,1.0,0.0,1.0,1.0,0.0,0.0,0.0,0.0,0.0,1.0,0.0,1.0,1.0,1.0,1.0,0.0,1.0,0.0,0.0,0.0,0.0,0.0,,,,,0.0,,,,,,,1.0,1.0,0.0,0.0,0.0,1.0,1.0,0.0,0.0,1.0,1.0,1.0,1.0,0.0,0.0,0.0,1.0,1.0,0.0,0.0,0.0,1.0,1.0,0.0,0.0,0.0,0.0,0.0,0.0,0.0,0.0,0.0,0.0,1.0,0.0,0.0,0.0,0.0,0.0,0.0,0.0
2020,23081180,NAPOLEAO BONAPARTE VIANA EMEIEF,00001,1,30/01/2020,30/12/2020,2,2303,23016,23,2307650,230765005,3,1,0.0,1.0,0.0,0.0,0.0,,,,,,,,,,,1.0,3.0,,,1.0,1.0,0.0,0.0,0.0,0.0,,0.0,0.0,0.0,1.0,1.0,0.0,0.0,0.0,0.0,1.0,0.0,0.0,0.0,0.0,0.0,1.0,1.0,0.0,1.0,0.0,0.0,0.0,0.0,0.0,0.0,0.0,1.0,1.0,0.0,0.0,1.0,1.0,1.0,0.0,1.0,0.0,1.0,1.0,1.0,0.0,0.0,0.0,1.0,1.0,0.0,0.0,0.0,1.0,1.0,0.0,0.0,0.0,0.0,0.0,0.0,1.0,1.0,1.0,0.0,1.0,1.0,0.0,0.0,0.0,0.0,0.0,0.0,0.0,1.0,0.0,0.0,1.0,0.0,12.0,4.0,16.0,4.0,12.0,0.0,1.0,1.0,1.0,1.0,1.0,0.0,1.0,10.0,1.0,2.0,1.0,3.0,0.0,0.0,1.0,1.0,1.0,5.0,1.0,6.0,0.0,0.0,1.0,0.0,1.0,1.0,0.0,0.0,0.0,1.0,1.0,6.0,10.0,1.0,0.0,0.0,0.0,0.0,0.0,4.0,3.0,1.0,1.0,1.0,2.0,0.0,1.0,1.0,0.0,0.0,0.0,0.0,0.0,1.0,1.0,0.0,0.0,0.0,1.0,0.0,1.0,0.0,0.0,0.0,0.0,0.0,,,,,0.0,,,,,,,1.0,1.0,0.0,0.0,0.0,1.0,1.0,0.0,0.0,1.0,1.0,1.0,1.0,0.0,0.0,0.0,1.0,1.0,0.0,1.0,1.0,1.0,1.0,0.0,0.0,0.0,0.0,0.0,0.0,0.0,0.0,0.0,0.0,1.0,0.0,0.0,0.0,0.0,0.0,0.0,0.0
2020,23081201,NORBERTO ALVES BATALHA EMEIEF,00001,1,30/01/2020,28/12/2020,2,2303,23016,23,2307650,230765005,3,1,0.0,1.0,0.0,0.0,0.0,,,,,,,,,,,1.0,3.0,,,1.0,1.0,0.0,0.0,0.0,0.0,,0.0,0.0,0.0,1.0,1.0,0.0,0.0,0.0,0.0,1.0,0.0,0.0,0.0,0.0,1.0,0.0,1.0,0.0,1.0,0.0,0.0,0.0,0.0,0.0,0.0,0.0,1.0,1.0,0.0,0.0,1.0,1.0,1.0,1.0,1.0,0.0,1.0,1.0,1.0,0.0,0.0,0.0,0.0,1.0,0.0,1.0,0.0,0.0,0.0,0.0,0.0,0.0,0.0,0.0,0.0,1.0,1.0,1.0,0.0,1.0,0.0,0.0,0.0,0.0,1.0,0.0,1.0,0.0,1.0,0.0,0.0,0.0,0.0,9.0,0.0,9.0,0.0,0.0,0.0,1.0,1.0,0.0,1.0,0.0,0.0,1.0,4.0,1.0,3.0,1.0,1.0,1.0,1.0,1.0,2.0,0.0,0.0,1.0,3.0,0.0,0.0,1.0,0.0,1.0,1.0,0.0,0.0,0.0,1.0,1.0,2.0,10.0,4.0,0.0,1.0,0.0,0.0,0.0,2.0,1.0,1.0,0.0,0.0,1.0,0.0,1.0,1.0,0.0,0.0,0.0,0.0,0.0,0.0,1.0,0.0,1.0,0.0,1.0,1.0,0.0,0.0,0.0,0.0,0.0,0.0,,,,,0.0,,,,,,,1.0,1.0,0.0,0.0,0.0,1.0,1.0,0.0,0.0,1.0,0.0,1.0,1.0,0.0,0.0,0.0,1.0,1.0,0.0,0.0,1.0,1.0,1.0,0.0,0.0,0.0,0.0,0.0,0.0,0.0,0.0,0.0,0.0,1.0,0.0,0.0,0.0,0.0,0.0,0.0,0.0
2020,23081309,PARQUE PIRATININGA EMEIEF,00001,1,30/01/2020,28/12/2020,2,2303,23016,23,2307650,230765005,3,1,0.0,1.0,0.0,0.0,0.0,,,,,,,,,,,1.0,3.0,,,1.0,1.0,0.0,0.0,0.0,0.0,,0.0,0.0,0.0,1.0,1.0,0.0,0.0,0.0,0.0,1.0,0.0,0.0,0.0,0.0,0.0,1.0,1.0,0.0,1.0,0.0,0.0,0.0,0.0,0.0,0.0,0.0,1.0,1.0,1.0,0.0,1.0,0.0,1.0,1.0,1.0,0.0,0.0,1.0,1.0,0.0,0.0,0.0,0.0,0.0,0.0,1.0,0.0,0.0,0.0,0.0,0.0,0.0,0.0,0.0,0.0,1.0,0.0,1.0,0.0,1.0,0.0,1.0,0.0,0.0,0.0,0.0,1.0,1.0,1.0,0.0,0.0,0.0,0.0,6.0,0.0,6.0,0.0,6.0,0.0,1.0,0.0,1.0,1.0,1.0,0.0,1.0,6.0,1.0,88888.0,1.0,2.0,1.0,1.0,1.0,2.0,0.0,0.0,0.0,0.0,0.0,0.0,1.0,0.0,1.0,1.0,0.0,0.0,0.0,0.0,1.0,1.0,5.0,0.0,0.0,0.0,0.0,0.0,0.0,2.0,2.0,1.0,2.0,0.0,0.0,0.0,1.0,1.0,0.0,0.0,0.0,0.0,0.0,0.0,1.0,0.0,1.0,0.0,1.0,1.0,1.0,0.0,0.0,0.0,0.0,0.0,,,,,0.0,,,,,,,0.0,0.0,1.0,0.0,0.0,1.0,0.0,0.0,0.0,1.0,0.0,1.0,1.0,0.0,0.0,0.0,1.0,0.0,0.0,0.0,1.0,1.0,0.0,0.0,0.0,0.0,0.0,0.0,0.0,0.0,0.0,0.0,0.0,0.0,0.0,0.0,0.0,0.0,0.0,0.0,0.0
2020,23081473,RODOLFO TEOFILO EMEF,00001,1,30/01/2020,22/12/2020,2,2303,23016,23,2307650,230765030,3,1,0.0,1.0,0.0,0.0,0.0,,,,,,,,,,,1.0,3.0,,,1.0,2.0,0.0,0.0,0.0,0.0,,0.0,0.0,0.0,1.0,1.0,0.0,0.0,0.0,0.0,1.0,0.0,0.0,0.0,1.0,0.0,0.0,0.0,0.0,1.0,0.0,0.0,0.0,0.0,1.0,0.0,0.0,0.0,1.0,1.0,1.0,1.0,0.0,1.0,1.0,1.0,0.0,1.0,1.0,1.0,0.0,0.0,0.0,1.0,1.0,1.0,0.0,0.0,1.0,0.0,1.0,0.0,0.0,0.0,0.0,0.0,1.0,1.0,1.0,0.0,1.0,1.0,0.0,0.0,0.0,0.0,0.0,1.0,0.0,1.0,0.0,1.0,1.0,0.0,11.0,0.0,11.0,1.0,0.0,1.0,1.0,1.0,1.0,1.0,0.0,0.0,1.0,3.0,1.0,7.0,1.0,2.0,1.0,1.0,1.0,2.0,1.0,9.0,1.0,3.0,0.0,0.0,1.0,0.0,1.0,1.0,0.0,0.0,0.0,3.0,1.0,5.0,5.0,1.0,0.0,0.0,0.0,0.0,0.0,3.0,2.0,1.0,1.0,1.0,1.0,0.0,1.0,1.0,0.0,0.0,0.0,0.0,0.0,1.0,0.0,0.0,1.0,0.0,1.0,1.0,1.0,0.0,0.0,0.0,0.0,0.0,,,,,0.0,,,,,,,1.0,0.0,1.0,0.0,0.0,1.0,1.0,0.0,0.0,1.0,1.0,1.0,1.0,0.0,0.0,0.0,1.0,1.0,0.0,0.0,0.0,1.0,1.0,0.0,0.0,0.0,0.0,0.0,0.0,0.0,0.0,0.0,0.0,1.0,0.0,0.0,0.0,0.0,0.0,0.0,0.0
2020,23081490,RUI BARBOSA EMEF,00001,1,30/01/2020,01/01/2021,2,2303,23016,23,2307650,230765005,3,1,0.0,1.0,0.0,0.0,0.0,,,,,,,,,,,1.0,3.0,,,1.0,1.0,0.0,0.0,0.0,0.0,,0.0,0.0,0.0,1.0,1.0,0.0,0.0,0.0,0.0,1.0,0.0,0.0,0.0,0.0,0.0,1.0,1.0,0.0,1.0,0.0,0.0,0.0,0.0,0.0,0.0,0.0,1.0,1.0,1.0,0.0,1.0,0.0,1.0,0.0,1.0,0.0,1.0,1.0,1.0,0.0,0.0,0.0,0.0,1.0,0.0,0.0,0.0,1.0,1.0,0.0,0.0,0.0,0.0,0.0,0.0,1.0,1.0,1.0,0.0,1.0,1.0,0.0,0.0,0.0,1.0,0.0,1.0,1.0,1.0,0.0,1.0,1.0,0.0,11.0,0.0,11.0,0.0,11.0,1.0,1.0,1.0,1.0,1.0,0.0,0.0,1.0,1.0,1.0,1.0,1.0,2.0,1.0,1.0,1.0,2.0,1.0,2.0,1.0,3.0,1.0,1.0,1.0,1.0,1.0,1.0,1.0,0.0,1.0,3.0,1.0,3.0,9.0,0.0,0.0,0.0,0.0,0.0,0.0,3.0,4.0,1.0,2.0,0.0,1.0,0.0,1.0,1.0,0.0,0.0,0.0,0.0,0.0,1.0,0.0,0.0,1.0,0.0,1.0,1.0,1.0,0.0,0.0,0.0,0.0,0.0,,,,,0.0,,,,,,,1.0,1.0,1.0,0.0,0.0,1.0,1.0,0.0,0.0,1.0,1.0,1.0,1.0,0.0,0.0,0.0,1.0,1.0,0.0,0.0,0.0,1.0,1.0,0.0,0.0,0.0,0.0,0.0,0.0,0.0,0.0,0.0,0.0,1.0,0.0,0.0,0.0,0.0,0.0,0.0,0.0
2020,23081600,TANCREDO NEVES PRESIDENTE EMEF,00001,1,30/01/2020,06/01/2021,2,2303,23016,23,2307650,230765005,3,1,0.0,1.0,0.0,0.0,0.0,,,,,,,,,,,1.0,3.0,,,1.0,1.0,0.0,0.0,0.0,0.0,,0.0,0.0,0.0,1.0,1.0,0.0,0.0,0.0,0.0,1.0,0.0,0.0,0.0,1.0,0.0,0.0,0.0,0.0,1.0,0.0,0.0,0.0,0.0,1.0,1.0,1.0,0.0,1.0,1.0,0.0,1.0,0.0,1.0,1.0,1.0,1.0,1.0,1.0,1.0,0.0,0.0,0.0,1.0,1.0,1.0,0.0,0.0,0.0,0.0,0.0,0.0,0.0,0.0,0.0,1.0,1.0,1.0,1.0,0.0,1.0,1.0,0.0,0.0,0.0,0.0,0.0,1.0,1.0,1.0,0.0,0.0,0.0,0.0,10.0,0.0,10.0,0.0,0.0,0.0,1.0,0.0,1.0,1.0,1.0,0.0,1.0,8.0,1.0,6.0,1.0,7.0,1.0,1.0,1.0,1.0,1.0,16.0,1.0,14.0,0.0,0.0,1.0,1.0,1.0,1.0,0.0,1.0,0.0,3.0,1.0,1.0,6.0,0.0,0.0,0.0,0.0,0.0,0.0,4.0,5.0,1.0,2.0,0.0,1.0,0.0,1.0,1.0,0.0,0.0,0.0,0.0,0.0,1.0,0.0,1.0,1.0,0.0,1.0,1.0,1.0,0.0,0.0,0.0,0.0,0.0,,,,,0.0,,,,,,,1.0,1.0,0.0,0.0,0.0,1.0,1.0,0.0,0.0,1.0,1.0,0.0,1.0,0.0,0.0,0.0,1.0,0.0,0.0,0.0,0.0,0.0,1.0,0.0,0.0,0.0,0.0,0.0,0.0,0.0,0.0,0.0,0.0,0.0,0.0,0.0,0.0,0.0,0.0,0.0,0.0
2020,23081643,ULYSSES GUIMARAES DEPUTADO EMEF,00001,1,30/01/2020,23/12/2020,2,2303,23016,23,2307650,230765005,3,1,0.0,1.0,0.0,0.0,0.0,,,,,,,,,,,1.0,3.0,,,1.0,1.0,0.0,0.0,0.0,0.0,,0.0,0.0,0.0,1.0,1.0,0.0,0.0,0.0,0.0,1.0,0.0,0.0,0.0,1.0,0.0,0.0,0.0,0.0,1.0,0.0,0.0,0.0,0.0,0.0,0.0,0.0,1.0,1.0,0.0,0.0,1.0,0.0,1.0,1.0,1.0,0.0,1.0,1.0,1.0,0.0,0.0,0.0,0.0,1.0,0.0,0.0,0.0,1.0,1.0,0.0,0.0,0.0,0.0,0.0,0.0,1.0,1.0,1.0,0.0,1.0,1.0,0.0,0.0,0.0,0.0,0.0,1.0,0.0,1.0,0.0,0.0,0.0,0.0,10.0,0.0,10.0,2.0,10.0,0.0,1.0,1.0,1.0,1.0,0.0,0.0,1.0,1.0,1.0,5.0,1.0,1.0,1.0,1.0,1.0,2.0,1.0,2.0,1.0,3.0,0.0,0.0,1.0,1.0,1.0,0.0,0.0,1.0,0.0,2.0,1.0,4.0,8.0,1.0,0.0,0.0,0.0,0.0,0.0,3.0,2.0,1.0,2.0,0.0,1.0,0.0,1.0,1.0,0.0,0.0,0.0,0.0,0.0,1.0,0.0,0.0,1.0,1.0,1.0,1.0,1.0,0.0,1.0,0.0,0.0,0.0,,,,,0.0,,,,,,,1.0,1.0,0.0,0.0,0.0,1.0,1.0,0.0,0.0,1.0,1.0,1.0,1.0,0.0,0.0,0.0,1.0,1.0,0.0,0.0,0.0,0.0,1.0,0.0,0.0,0.0,0.0,0.0,0.0,0.0,0.0,0.0,0.0,1.0,0.0,0.0,0.0,0.0,0.0,0.0,0.0
2020,23081660,VALDENIA ACELINO DA SILVA EMEF,00001,1,30/01/2020,06/01/2021,2,2303,23016,23,2307650,230765005,3,1,0.0,1.0,0.0,0.0,0.0,,,,,,,,,,,1.0,3.0,,,1.0,1.0,0.0,0.0,0.0,0.0,,0.0,0.0,0.0,1.0,1.0,0.0,0.0,0.0,0.0,1.0,0.0,0.0,0.0,1.0,0.0,0.0,0.0,0.0,1.0,0.0,0.0,0.0,0.0,1.0,0.0,0.0,0.0,1.0,0.0,0.0,1.0,0.0,1.0,1.0,1.0,0.0,1.0,1.0,1.0,0.0,0.0,0.0,1.0,1.0,1.0,1.0,0.0,1.0,1.0,0.0,0.0,0.0,0.0,0.0,0.0,1.0,1.0,1.0,0.0,1.0,1.0,0.0,0.0,0.0,0.0,0.0,0.0,1.0,1.0,0.0,0.0,1.0,0.0,9.0,0.0,9.0,1.0,1.0,0.0,1.0,0.0,1.0,1.0,0.0,0.0,0.0,0.0,1.0,5.0,1.0,2.0,1.0,1.0,1.0,1.0,1.0,8.0,1.0,2.0,0.0,0.0,1.0,1.0,1.0,1.0,0.0,1.0,0.0,1.0,1.0,4.0,5.0,1.0,0.0,1.0,0.0,0.0,0.0,3.0,5.0,1.0,2.0,3.0,1.0,0.0,1.0,1.0,0.0,0.0,0.0,0.0,0.0,1.0,0.0,0.0,1.0,1.0,1.0,1.0,1.0,0.0,0.0,0.0,0.0,0.0,,,,,0.0,,,,,,,1.0,1.0,1.0,0.0,0.0,1.0,1.0,0.0,0.0,1.0,1.0,1.0,1.0,0.0,0.0,0.0,1.0,1.0,0.0,0.0,0.0,0.0,1.0,0.0,0.0,0.0,0.0,0.0,0.0,0.0,0.0,0.0,0.0,1.0,0.0,0.0,0.0,0.0,0.0,0.0,0.0
2020,23081716,ALMIR FREITAS DUTRA PREF EMEIEF,00001,1,30/01/2020,28/12/2020,2,2303,23016,23,2307650,230765030,3,1,0.0,1.0,0.0,0.0,0.0,,,,,,,,,,,1.0,3.0,,,1.0,1.0,0.0,0.0,0.0,0.0,,0.0,0.0,0.0,1.0,1.0,0.0,0.0,0.0,0.0,1.0,0.0,0.0,0.0,1.0,0.0,0.0,0.0,0.0,1.0,0.0,0.0,0.0,0.0,0.0,0.0,0.0,1.0,1.0,0.0,0.0,1.0,1.0,1.0,0.0,1.0,0.0,1.0,1.0,1.0,0.0,0.0,0.0,1.0,1.0,1.0,0.0,0.0,1.0,1.0,0.0,0.0,0.0,0.0,0.0,0.0,1.0,1.0,1.0,0.0,1.0,1.0,0.0,0.0,0.0,0.0,0.0,1.0,0.0,1.0,0.0,0.0,0.0,0.0,11.0,0.0,11.0,0.0,11.0,0.0,1.0,1.0,1.0,1.0,0.0,0.0,1.0,3.0,1.0,4.0,1.0,3.0,1.0,1.0,1.0,2.0,1.0,11.0,1.0,4.0,0.0,0.0,1.0,1.0,1.0,0.0,0.0,1.0,0.0,1.0,1.0,5.0,6.0,0.0,0.0,0.0,0.0,0.0,0.0,3.0,7.0,1.0,0.0,1.0,1.0,0.0,1.0,1.0,0.0,0.0,0.0,0.0,0.0,1.0,0.0,0.0,1.0,0.0,1.0,0.0,1.0,0.0,0.0,0.0,0.0,0.0,,,,,0.0,,,,,,,0.0,0.0,0.0,0.0,0.0,1.0,0.0,0.0,0.0,1.0,1.0,1.0,1.0,0.0,0.0,0.0,1.0,0.0,0.0,0.0,0.0,1.0,1.0,0.0,0.0,0.0,0.0,0.0,0.0,0.0,0.0,0.0,0.0,0.0,0.0,0.0,0.0,0.0,0.0,0.0,0.0
2020,23081732,ANTONIO DE ALBUQUERQUE SOUSA FILHO EMEIEF,00001,1,30/01/2020,28/12/2020,2,2303,23016,23,2307650,230765030,3,1,0.0,1.0,0.0,0.0,0.0,,,,,,,,,,,1.0,3.0,,,1.0,1.0,0.0,0.0,0.0,0.0,,0.0,0.0,0.0,1.0,1.0,0.0,0.0,0.0,0.0,1.0,0.0,0.0,0.0,0.0,0.0,1.0,1.0,0.0,1.0,0.0,0.0,0.0,0.0,0.0,0.0,0.0,1.0,1.0,0.0,0.0,1.0,1.0,1.0,0.0,1.0,0.0,1.0,1.0,1.0,0.0,0.0,0.0,1.0,1.0,1.0,0.0,0.0,1.0,1.0,0.0,0.0,0.0,0.0,0.0,0.0,1.0,1.0,1.0,0.0,1.0,1.0,0.0,0.0,0.0,1.0,0.0,1.0,1.0,1.0,0.0,1.0,0.0,0.0,12.0,0.0,12.0,3.0,12.0,0.0,1.0,0.0,1.0,0.0,0.0,0.0,1.0,5.0,1.0,10.0,1.0,4.0,1.0,1.0,1.0,4.0,1.0,8.0,1.0,9.0,0.0,0.0,1.0,1.0,1.0,1.0,0.0,1.0,0.0,1.0,1.0,4.0,4.0,1.0,0.0,0.0,0.0,0.0,0.0,2.0,2.0,1.0,0.0,0.0,1.0,0.0,1.0,1.0,0.0,0.0,0.0,0.0,0.0,1.0,0.0,0.0,1.0,0.0,1.0,0.0,1.0,0.0,0.0,0.0,0.0,0.0,,,,,0.0,,,,,,,1.0,1.0,1.0,0.0,0.0,1.0,0.0,0.0,0.0,1.0,1.0,1.0,1.0,0.0,0.0,0.0,1.0,0.0,0.0,0.0,0.0,1.0,0.0,0.0,0.0,0.0,0.0,0.0,0.0,0.0,0.0,0.0,0.0,0.0,0.0,0.0,0.0,0.0,0.0,0.0,0.0
2020,23081856,LUIZ GONZAGA DOS SANTOS EMEIEF,00001,1,30/01/2020,23/12/2020,2,2303,23016,23,2307650,230765030,3,1,0.0,1.0,0.0,0.0,0.0,,,,,,,,,,,1.0,3.0,,,1.0,1.0,0.0,0.0,0.0,0.0,,0.0,0.0,0.0,1.0,1.0,0.0,0.0,0.0,0.0,1.0,0.0,0.0,0.0,0.0,1.0,0.0,1.0,0.0,1.0,0.0,0.0,0.0,0.0,0.0,0.0,0.0,1.0,1.0,1.0,0.0,1.0,1.0,1.0,1.0,1.0,0.0,1.0,1.0,1.0,0.0,0.0,0.0,0.0,1.0,0.0,0.0,0.0,1.0,1.0,0.0,0.0,0.0,0.0,0.0,0.0,1.0,1.0,1.0,0.0,1.0,1.0,0.0,0.0,0.0,0.0,0.0,1.0,1.0,1.0,0.0,0.0,0.0,0.0,11.0,0.0,11.0,3.0,11.0,0.0,1.0,1.0,1.0,1.0,0.0,0.0,0.0,0.0,1.0,3.0,1.0,1.0,1.0,1.0,1.0,1.0,1.0,3.0,0.0,0.0,0.0,0.0,1.0,0.0,1.0,0.0,0.0,0.0,0.0,3.0,1.0,0.0,4.0,0.0,0.0,0.0,0.0,0.0,0.0,2.0,7.0,1.0,2.0,0.0,0.0,0.0,1.0,1.0,0.0,0.0,0.0,0.0,0.0,0.0,0.0,0.0,0.0,0.0,1.0,0.0,1.0,0.0,0.0,0.0,0.0,0.0,,,,,0.0,,,,,,,1.0,1.0,1.0,0.0,0.0,1.0,1.0,0.0,0.0,1.0,1.0,1.0,1.0,0.0,0.0,0.0,1.0,0.0,0.0,0.0,0.0,1.0,1.0,0.0,0.0,0.0,0.0,0.0,0.0,0.0,0.0,0.0,0.0,0.0,0.0,0.0,0.0,0.0,0.0,0.0,0.0
2020,23176857,CENTRO DE EJA DE MARACANAU-CEJAM,00001,1,02/01/2020,30/12/2020,2,2303,23016,23,2307650,230765005,3,1,0.0,1.0,0.0,0.0,0.0,,,,,,,,,,,1.0,3.0,,,1.0,2.0,0.0,0.0,0.0,0.0,,0.0,0.0,0.0,1.0,1.0,0.0,0.0,0.0,0.0,1.0,0.0,0.0,0.0,1.0,0.0,0.0,0.0,0.0,1.0,0.0,0.0,0.0,0.0,0.0,0.0,0.0,1.0,1.0,1.0,0.0,1.0,0.0,1.0,1.0,1.0,0.0,0.0,1.0,1.0,0.0,0.0,0.0,0.0,0.0,0.0,0.0,0.0,1.0,0.0,1.0,1.0,0.0,0.0,0.0,0.0,1.0,0.0,1.0,0.0,1.0,0.0,0.0,0.0,0.0,0.0,0.0,0.0,1.0,1.0,0.0,0.0,0.0,0.0,20.0,0.0,20.0,0.0,0.0,0.0,1.0,1.0,1.0,1.0,0.0,0.0,0.0,0.0,0.0,0.0,1.0,1.0,0.0,0.0,0.0,0.0,0.0,0.0,1.0,3.0,0.0,0.0,1.0,0.0,1.0,0.0,0.0,0.0,0.0,3.0,1.0,4.0,5.0,0.0,0.0,0.0,0.0,0.0,0.0,0.0,1.0,1.0,0.0,0.0,1.0,0.0,0.0,0.0,0.0,0.0,0.0,1.0,0.0,0.0,0.0,0.0,1.0,0.0,0.0,1.0,0.0,0.0,0.0,0.0,0.0,0.0,,,,,0.0,,,,,,,1.0,1.0,0.0,0.0,0.0,1.0,0.0,0.0,0.0,1.0,0.0,0.0,0.0,1.0,0.0,0.0,0.0,1.0,0.0,0.0,0.0,0.0,0.0,0.0,0.0,0.0,0.0,0.0,0.0,0.0,0.0,0.0,0.0,1.0,1.0,0.0,0.0,0.0,0.0,0.0,0.0
2020,23176946,CENTRO DE EDUCACAO DE JOVENS E ADULTOS DA PAJUCARA,00001,1,02/01/2020,30/12/2020,2,2303,23016,23,2307650,230765030,3,1,0.0,1.0,0.0,0.0,0.0,,,,,,,,,,,1.0,3.0,,,1.0,2.0,0.0,0.0,0.0,0.0,,0.0,0.0,0.0,1.0,1.0,0.0,1.0,0.0,0.0,1.0,0.0,0.0,0.0,1.0,0.0,0.0,0.0,0.0,1.0,0.0,0.0,0.0,0.0,0.0,0.0,0.0,1.0,1.0,0.0,1.0,1.0,0.0,1.0,1.0,1.0,0.0,1.0,1.0,1.0,0.0,0.0,0.0,1.0,1.0,0.0,0.0,0.0,0.0,0.0,0.0,0.0,0.0,0.0,0.0,0.0,1.0,1.0,1.0,0.0,1.0,0.0,0.0,0.0,0.0,1.0,0.0,0.0,0.0,1.0,0.0,0.0,0.0,0.0,5.0,0.0,5.0,5.0,0.0,0.0,1.0,0.0,0.0,1.0,0.0,0.0,1.0,1.0,1.0,2.0,1.0,1.0,1.0,1.0,1.0,1.0,1.0,18.0,1.0,4.0,0.0,0.0,1.0,0.0,1.0,1.0,0.0,0.0,0.0,0.0,1.0,4.0,4.0,0.0,0.0,0.0,0.0,0.0,0.0,0.0,1.0,1.0,0.0,1.0,1.0,0.0,0.0,0.0,0.0,0.0,0.0,1.0,0.0,0.0,0.0,0.0,0.0,0.0,1.0,0.0,0.0,0.0,0.0,0.0,0.0,0.0,,,,,0.0,,,,,,,1.0,0.0,0.0,0.0,0.0,1.0,0.0,0.0,0.0,0.0,0.0,0.0,0.0,1.0,0.0,0.0,0.0,1.0,0.0,0.0,0.0,0.0,0.0,0.0,0.0,0.0,0.0,0.0,0.0,0.0,0.0,0.0,0.0,1.0,1.0,0.0,0.0,0.0,0.0,0.0,0.0
2020,23176962,MARIA DE LOURDES SILVA PROFÂª EMEF,00001,1,30/01/2020,28/12/2020,2,2303,23016,23,2307650,230765005,3,1,0.0,1.0,0.0,0.0,0.0,,,,,,,,,,,1.0,3.0,,,1.0,1.0,0.0,0.0,0.0,0.0,,0.0,0.0,0.0,1.0,1.0,0.0,0.0,0.0,0.0,1.0,0.0,0.0,0.0,0.0,1.0,0.0,1.0,0.0,1.0,0.0,0.0,0.0,0.0,0.0,0.0,0.0,1.0,1.0,1.0,0.0,1.0,0.0,1.0,1.0,1.0,1.0,1.0,1.0,1.0,0.0,0.0,0.0,1.0,1.0,1.0,1.0,0.0,1.0,1.0,0.0,0.0,0.0,0.0,0.0,0.0,1.0,1.0,1.0,0.0,1.0,1.0,0.0,0.0,0.0,0.0,0.0,1.0,1.0,0.0,0.0,0.0,0.0,0.0,12.0,0.0,12.0,0.0,0.0,0.0,1.0,1.0,1.0,1.0,1.0,0.0,1.0,5.0,1.0,10.0,1.0,3.0,1.0,1.0,1.0,3.0,1.0,5.0,1.0,9.0,1.0,30.0,1.0,1.0,1.0,1.0,0.0,1.0,0.0,3.0,1.0,1.0,5.0,2.0,0.0,2.0,0.0,0.0,0.0,4.0,2.0,1.0,2.0,0.0,0.0,0.0,1.0,1.0,0.0,0.0,0.0,0.0,0.0,1.0,0.0,0.0,1.0,0.0,1.0,1.0,1.0,0.0,0.0,0.0,0.0,0.0,,,,,0.0,,,,,,,1.0,1.0,1.0,0.0,0.0,1.0,1.0,0.0,0.0,1.0,1.0,0.0,1.0,0.0,0.0,0.0,1.0,0.0,0.0,0.0,0.0,1.0,1.0,0.0,0.0,0.0,0.0,0.0,0.0,0.0,0.0,0.0,0.0,0.0,0.0,0.0,0.0,0.0,0.0,0.0,0.0
2020,23177039,CENTRO INTEGRADO DE EDUCACAO SAUDE E ASSISTENCIA SOCIAL DE MARACANAU - CIES,00001,1,30/01/2020,23/12/2020,2,2303,23016,23,2307650,230765005,3,1,0.0,1.0,0.0,0.0,0.0,,,,,,,,,,,1.0,3.0,,,1.0,1.0,0.0,0.0,0.0,0.0,,0.0,0.0,0.0,1.0,1.0,0.0,0.0,0.0,0.0,1.0,0.0,0.0,0.0,1.0,0.0,0.0,0.0,0.0,1.0,0.0,0.0,0.0,0.0,0.0,0.0,0.0,1.0,1.0,1.0,1.0,1.0,1.0,1.0,1.0,1.0,0.0,1.0,1.0,1.0,0.0,0.0,0.0,0.0,1.0,1.0,1.0,0.0,1.0,1.0,0.0,1.0,0.0,0.0,0.0,0.0,1.0,1.0,1.0,0.0,1.0,1.0,1.0,0.0,0.0,0.0,0.0,1.0,1.0,1.0,0.0,0.0,1.0,0.0,9.0,0.0,9.0,2.0,9.0,0.0,1.0,0.0,0.0,1.0,0.0,0.0,1.0,1.0,1.0,4.0,1.0,7.0,1.0,1.0,1.0,2.0,1.0,1.0,0.0,0.0,0.0,0.0,1.0,0.0,1.0,0.0,0.0,0.0,0.0,3.0,1.0,0.0,5.0,0.0,0.0,0.0,0.0,0.0,0.0,2.0,1.0,1.0,0.0,0.0,0.0,0.0,1.0,1.0,0.0,0.0,0.0,0.0,0.0,0.0,1.0,0.0,1.0,0.0,1.0,0.0,1.0,0.0,0.0,0.0,0.0,0.0,,,,,0.0,,,,,,,1.0,0.0,0.0,0.0,0.0,1.0,0.0,0.0,0.0,1.0,1.0,1.0,1.0,0.0,0.0,0.0,1.0,0.0,0.0,0.0,1.0,1.0,0.0,0.0,0.0,0.0,0.0,0.0,0.0,0.0,0.0,0.0,0.0,0.0,0.0,0.0,0.0,0.0,0.0,0.0,0.0
2020,23177640,APRENDER PENSANDO EMEF,00001,1,30/01/2020,08/01/2021,2,2303,23016,23,2307650,230765030,3,1,0.0,1.0,0.0,0.0,0.0,,,,,,,,,,,1.0,3.0,,,1.0,1.0,0.0,0.0,0.0,0.0,,0.0,0.0,0.0,1.0,1.0,0.0,0.0,0.0,0.0,1.0,0.0,0.0,0.0,1.0,0.0,0.0,0.0,0.0,1.0,0.0,0.0,0.0,0.0,0.0,0.0,0.0,1.0,1.0,0.0,0.0,1.0,0.0,1.0,0.0,1.0,0.0,0.0,1.0,1.0,0.0,0.0,0.0,0.0,0.0,1.0,0.0,0.0,1.0,0.0,1.0,0.0,0.0,0.0,0.0,0.0,1.0,0.0,1.0,0.0,1.0,1.0,0.0,0.0,0.0,0.0,0.0,0.0,1.0,1.0,0.0,0.0,0.0,0.0,7.0,0.0,7.0,0.0,5.0,0.0,1.0,1.0,1.0,1.0,0.0,0.0,1.0,5.0,1.0,5.0,1.0,2.0,0.0,0.0,1.0,4.0,1.0,12.0,1.0,7.0,0.0,0.0,1.0,0.0,1.0,1.0,0.0,0.0,0.0,3.0,1.0,1.0,7.0,0.0,0.0,0.0,0.0,0.0,0.0,2.0,1.0,1.0,0.0,0.0,0.0,0.0,1.0,1.0,0.0,0.0,0.0,0.0,0.0,1.0,0.0,0.0,1.0,0.0,1.0,0.0,1.0,0.0,0.0,0.0,0.0,0.0,,,,,0.0,,,,,,,1.0,1.0,1.0,0.0,0.0,1.0,0.0,0.0,0.0,1.0,1.0,1.0,1.0,0.0,0.0,0.0,1.0,1.0,0.0,0.0,0.0,1.0,0.0,0.0,0.0,0.0,0.0,0.0,0.0,0.0,0.0,0.0,0.0,1.0,0.0,0.0,0.0,0.0,0.0,0.0,0.0
2020,23197137,SINFRONIO PEIXOTO DE MORAIS EMEIEF,00001,1,30/01/2020,23/12/2020,2,2303,23016,23,2307650,230765030,3,1,0.0,1.0,0.0,0.0,0.0,,,,,,,,,,,1.0,3.0,,,1.0,1.0,0.0,0.0,0.0,0.0,,0.0,0.0,0.0,1.0,1.0,0.0,0.0,0.0,0.0,1.0,0.0,0.0,0.0,0.0,0.0,1.0,1.0,0.0,1.0,0.0,0.0,0.0,0.0,0.0,0.0,0.0,1.0,1.0,0.0,0.0,1.0,0.0,1.0,1.0,0.0,0.0,1.0,1.0,1.0,0.0,0.0,0.0,1.0,0.0,1.0,0.0,0.0,1.0,1.0,0.0,0.0,0.0,0.0,0.0,0.0,1.0,1.0,1.0,0.0,1.0,1.0,0.0,0.0,0.0,0.0,0.0,0.0,0.0,1.0,0.0,1.0,0.0,0.0,11.0,0.0,11.0,4.0,0.0,0.0,1.0,1.0,1.0,0.0,0.0,0.0,1.0,1.0,1.0,1.0,1.0,1.0,1.0,1.0,1.0,2.0,1.0,1.0,1.0,2.0,0.0,0.0,1.0,1.0,1.0,1.0,0.0,1.0,0.0,2.0,1.0,4.0,7.0,2.0,0.0,0.0,0.0,0.0,0.0,4.0,2.0,1.0,1.0,4.0,1.0,0.0,1.0,1.0,0.0,0.0,0.0,0.0,0.0,1.0,0.0,0.0,1.0,0.0,1.0,1.0,1.0,0.0,0.0,0.0,0.0,0.0,,,,,0.0,,,,,,,1.0,1.0,0.0,0.0,0.0,1.0,1.0,0.0,0.0,1.0,1.0,1.0,1.0,0.0,0.0,0.0,1.0,1.0,0.0,0.0,0.0,0.0,1.0,0.0,0.0,0.0,0.0,0.0,0.0,0.0,0.0,0.0,0.0,1.0,0.0,0.0,0.0,0.0,0.0,0.0,0.0
2020,23197145,JOSE MARTINS RODRIGUES DEPUTADO EMEIEF,00001,1,30/01/2020,28/12/2020,2,2303,23016,23,2307650,230765005,3,1,0.0,1.0,0.0,0.0,0.0,,,,,,,,,,,1.0,3.0,,,1.0,3.0,0.0,0.0,0.0,0.0,,0.0,0.0,0.0,1.0,1.0,0.0,0.0,0.0,0.0,1.0,0.0,0.0,0.0,1.0,0.0,0.0,0.0,0.0,1.0,0.0,0.0,0.0,0.0,0.0,0.0,0.0,1.0,1.0,0.0,0.0,1.0,1.0,1.0,0.0,1.0,0.0,1.0,1.0,1.0,0.0,0.0,0.0,1.0,1.0,1.0,0.0,0.0,1.0,1.0,0.0,0.0,0.0,0.0,0.0,0.0,1.0,1.0,1.0,0.0,1.0,1.0,0.0,0.0,0.0,0.0,0.0,1.0,0.0,0.0,0.0,0.0,1.0,0.0,14.0,0.0,14.0,0.0,0.0,0.0,1.0,1.0,1.0,1.0,0.0,0.0,1.0,2.0,1.0,2.0,1.0,1.0,1.0,1.0,1.0,3.0,1.0,12.0,1.0,29.0,0.0,0.0,1.0,0.0,1.0,1.0,0.0,0.0,0.0,1.0,1.0,5.0,7.0,1.0,0.0,0.0,0.0,0.0,0.0,3.0,2.0,1.0,2.0,0.0,1.0,0.0,1.0,1.0,0.0,0.0,0.0,0.0,0.0,1.0,0.0,1.0,1.0,0.0,1.0,0.0,1.0,0.0,0.0,0.0,0.0,0.0,,,,,0.0,,,,,,,1.0,1.0,0.0,0.0,0.0,1.0,1.0,0.0,0.0,1.0,1.0,1.0,1.0,0.0,0.0,0.0,1.0,1.0,0.0,0.0,0.0,1.0,1.0,0.0,0.0,0.0,0.0,0.0,0.0,0.0,0.0,0.0,0.0,1.0,0.0,0.0,0.0,0.0,0.0,0.0,0.0
2020,23197170,RACHEL DE QUEIROZ EMEIEF,00001,1,30/01/2020,28/12/2020,2,2303,23016,23,2307650,230765005,3,1,0.0,1.0,0.0,0.0,0.0,,,,,,,,,,,1.0,3.0,,,1.0,1.0,0.0,0.0,0.0,0.0,,0.0,0.0,0.0,1.0,1.0,0.0,0.0,0.0,0.0,1.0,0.0,0.0,0.0,0.0,1.0,0.0,1.0,0.0,1.0,0.0,0.0,0.0,0.0,0.0,0.0,0.0,1.0,1.0,1.0,0.0,1.0,0.0,1.0,1.0,1.0,0.0,1.0,1.0,1.0,0.0,0.0,0.0,0.0,1.0,1.0,0.0,0.0,1.0,1.0,0.0,0.0,0.0,0.0,0.0,1.0,1.0,1.0,1.0,0.0,1.0,1.0,0.0,0.0,0.0,0.0,0.0,0.0,0.0,1.0,0.0,0.0,0.0,0.0,10.0,0.0,10.0,0.0,0.0,0.0,1.0,1.0,1.0,1.0,1.0,0.0,1.0,5.0,1.0,6.0,1.0,2.0,1.0,1.0,1.0,3.0,0.0,0.0,1.0,3.0,1.0,10.0,1.0,0.0,1.0,0.0,0.0,0.0,0.0,1.0,1.0,2.0,6.0,1.0,0.0,0.0,0.0,0.0,0.0,2.0,1.0,1.0,2.0,0.0,1.0,0.0,1.0,1.0,0.0,0.0,0.0,0.0,0.0,1.0,0.0,0.0,1.0,0.0,1.0,1.0,1.0,1.0,1.0,0.0,0.0,0.0,,,,,0.0,,,,,,,1.0,1.0,1.0,0.0,0.0,1.0,1.0,0.0,0.0,1.0,1.0,1.0,1.0,0.0,0.0,0.0,1.0,0.0,0.0,0.0,0.0,0.0,1.0,0.0,0.0,0.0,0.0,0.0,0.0,0.0,0.0,0.0,0.0,0.0,0.0,0.0,0.0,0.0,0.0,0.0,0.0
2020,23197196,WALMIKI SAMPAIO DE ALBUQUERQUE EMEIEF,00001,1,30/01/2020,28/12/2020,2,2303,23016,23,2307650,230765005,3,1,0.0,1.0,0.0,0.0,0.0,,,,,,,,,,,1.0,3.0,,,1.0,3.0,0.0,0.0,0.0,0.0,,0.0,0.0,0.0,1.0,1.0,0.0,0.0,0.0,0.0,1.0,0.0,0.0,0.0,0.0,1.0,0.0,1.0,0.0,1.0,0.0,0.0,0.0,0.0,0.0,0.0,0.0,1.0,1.0,1.0,0.0,1.0,0.0,1.0,1.0,1.0,0.0,1.0,1.0,1.0,0.0,0.0,0.0,1.0,1.0,1.0,1.0,0.0,1.0,1.0,1.0,0.0,0.0,0.0,0.0,0.0,1.0,1.0,1.0,0.0,1.0,1.0,0.0,0.0,0.0,1.0,0.0,1.0,0.0,1.0,0.0,0.0,0.0,0.0,12.0,0.0,12.0,0.0,0.0,0.0,1.0,1.0,1.0,1.0,0.0,0.0,1.0,5.0,1.0,8.0,1.0,3.0,1.0,1.0,1.0,4.0,1.0,10.0,0.0,0.0,1.0,3.0,1.0,1.0,1.0,0.0,0.0,1.0,1.0,2.0,1.0,3.0,5.0,0.0,0.0,0.0,0.0,0.0,0.0,2.0,2.0,1.0,0.0,1.0,1.0,0.0,1.0,1.0,0.0,0.0,0.0,0.0,0.0,1.0,0.0,0.0,1.0,1.0,1.0,1.0,1.0,0.0,1.0,0.0,0.0,0.0,,,,,0.0,,,,,,,1.0,0.0,1.0,0.0,0.0,1.0,1.0,0.0,0.0,1.0,1.0,1.0,1.0,0.0,0.0,0.0,1.0,0.0,0.0,0.0,0.0,1.0,1.0,0.0,0.0,0.0,0.0,0.0,0.0,0.0,0.0,0.0,0.0,0.0,0.0,0.0,0.0,0.0,0.0,0.0,0.0
2020,23197218,MANOEL RODRIGUES PINHEIRO DE MELO EMEIEF,00001,1,30/01/2020,28/12/2020,2,2303,23016,23,2307650,230765005,3,1,0.0,1.0,0.0,0.0,0.0,,,,,,,,,,,1.0,3.0,,,1.0,1.0,0.0,0.0,0.0,0.0,,0.0,0.0,0.0,1.0,1.0,0.0,0.0,0.0,0.0,1.0,0.0,0.0,0.0,1.0,0.0,0.0,0.0,0.0,1.0,0.0,0.0,0.0,0.0,0.0,0.0,0.0,1.0,1.0,1.0,0.0,1.0,1.0,1.0,0.0,1.0,0.0,1.0,1.0,1.0,0.0,0.0,0.0,1.0,1.0,0.0,0.0,0.0,0.0,0.0,0.0,0.0,0.0,0.0,0.0,0.0,1.0,1.0,1.0,0.0,1.0,1.0,0.0,0.0,0.0,1.0,0.0,0.0,0.0,1.0,0.0,0.0,0.0,0.0,12.0,0.0,12.0,5.0,0.0,0.0,1.0,1.0,1.0,1.0,1.0,0.0,1.0,2.0,0.0,0.0,1.0,2.0,1.0,1.0,1.0,2.0,1.0,10.0,1.0,6.0,1.0,10.0,1.0,1.0,1.0,1.0,0.0,1.0,0.0,1.0,1.0,2.0,7.0,2.0,0.0,0.0,0.0,0.0,0.0,1.0,1.0,1.0,2.0,1.0,3.0,0.0,1.0,1.0,0.0,0.0,0.0,0.0,0.0,1.0,0.0,0.0,0.0,1.0,1.0,0.0,1.0,0.0,0.0,0.0,0.0,0.0,,,,,0.0,,,,,,,1.0,0.0,0.0,0.0,0.0,1.0,0.0,1.0,0.0,1.0,1.0,1.0,1.0,0.0,0.0,0.0,1.0,0.0,0.0,1.0,1.0,1.0,1.0,0.0,0.0,0.0,0.0,0.0,0.0,0.0,0.0,0.0,0.0,0.0,0.0,0.0,0.0,0.0,0.0,0.0,0.0
2020,23197269,PENSANDO E CONSTRUINDO EMEF,00001,1,30/01/2020,28/12/2020,2,2303,23016,23,2307650,230765005,3,1,0.0,1.0,0.0,0.0,0.0,,,,,,,,,,,1.0,3.0,,,1.0,2.0,0.0,0.0,0.0,0.0,,0.0,0.0,0.0,1.0,1.0,0.0,0.0,0.0,0.0,1.0,0.0,0.0,0.0,0.0,0.0,1.0,1.0,0.0,1.0,0.0,0.0,0.0,0.0,0.0,0.0,0.0,1.0,1.0,0.0,0.0,1.0,0.0,1.0,0.0,1.0,1.0,1.0,1.0,0.0,0.0,0.0,0.0,1.0,0.0,1.0,0.0,0.0,1.0,0.0,1.0,0.0,0.0,0.0,0.0,0.0,1.0,0.0,1.0,0.0,1.0,1.0,0.0,0.0,0.0,0.0,0.0,1.0,0.0,1.0,0.0,0.0,0.0,0.0,23.0,0.0,23.0,0.0,0.0,0.0,1.0,0.0,1.0,1.0,0.0,0.0,1.0,1.0,1.0,3.0,1.0,2.0,1.0,1.0,1.0,1.0,0.0,0.0,1.0,3.0,1.0,22.0,1.0,1.0,1.0,0.0,0.0,1.0,0.0,2.0,1.0,3.0,5.0,1.0,0.0,2.0,0.0,0.0,0.0,0.0,0.0,1.0,1.0,1.0,0.0,0.0,1.0,1.0,0.0,0.0,0.0,0.0,0.0,1.0,0.0,1.0,1.0,0.0,1.0,1.0,1.0,0.0,0.0,1.0,0.0,0.0,,,,,0.0,,,,,,,1.0,0.0,1.0,0.0,0.0,1.0,1.0,0.0,0.0,1.0,1.0,1.0,1.0,0.0,0.0,0.0,1.0,0.0,0.0,0.0,0.0,1.0,1.0,0.0,0.0,0.0,0.0,0.0,0.0,0.0,0.0,0.0,0.0,0.0,0.0,0.0,0.0,0.0,0.0,0.0,0.0
2020,23197358,INTEGRANDO O SABER EMEIEF,00001,1,30/01/2020,28/12/2020,2,2303,23016,23,2307650,230765005,3,1,0.0,1.0,0.0,0.0,0.0,,,,,,,,,,,1.0,3.0,,,1.0,1.0,0.0,0.0,0.0,0.0,,0.0,0.0,0.0,1.0,1.0,0.0,0.0,0.0,0.0,1.0,0.0,0.0,0.0,1.0,0.0,0.0,0.0,0.0,1.0,0.0,0.0,0.0,0.0,0.0,0.0,0.0,1.0,1.0,0.0,0.0,1.0,1.0,0.0,0.0,1.0,0.0,0.0,1.0,0.0,0.0,0.0,0.0,1.0,1.0,1.0,0.0,0.0,0.0,0.0,0.0,0.0,0.0,0.0,0.0,0.0,1.0,0.0,1.0,0.0,1.0,0.0,0.0,0.0,0.0,0.0,0.0,1.0,0.0,0.0,0.0,0.0,0.0,0.0,8.0,0.0,8.0,6.0,0.0,0.0,1.0,0.0,1.0,0.0,0.0,0.0,1.0,3.0,1.0,6.0,1.0,3.0,0.0,0.0,1.0,1.0,1.0,10.0,1.0,5.0,1.0,2.0,1.0,0.0,1.0,0.0,0.0,0.0,0.0,1.0,1.0,1.0,7.0,0.0,0.0,1.0,0.0,0.0,0.0,11.0,1.0,1.0,2.0,0.0,0.0,0.0,1.0,1.0,0.0,0.0,0.0,0.0,0.0,0.0,1.0,0.0,1.0,0.0,1.0,0.0,1.0,0.0,0.0,0.0,0.0,0.0,,,,,0.0,,,,,,,0.0,1.0,1.0,0.0,0.0,1.0,0.0,0.0,0.0,1.0,0.0,1.0,1.0,0.0,0.0,0.0,1.0,0.0,0.0,0.0,1.0,1.0,0.0,0.0,0.0,0.0,0.0,0.0,0.0,0.0,0.0,0.0,0.0,0.0,0.0,0.0,0.0,0.0,0.0,0.0,0.0
2020,23197510,CONSTRUINDO O SABER EMEIEF,00001,1,30/01/2020,28/12/2020,2,2303,23016,23,2307650,230765005,3,1,0.0,1.0,0.0,0.0,0.0,,,,,,,,,,,1.0,3.0,,,1.0,1.0,0.0,0.0,0.0,0.0,,0.0,0.0,0.0,1.0,1.0,0.0,0.0,0.0,0.0,1.0,0.0,0.0,0.0,1.0,0.0,0.0,0.0,0.0,1.0,0.0,0.0,0.0,0.0,0.0,0.0,0.0,1.0,1.0,0.0,0.0,1.0,1.0,1.0,1.0,1.0,0.0,1.0,1.0,1.0,0.0,0.0,0.0,1.0,1.0,0.0,0.0,0.0,1.0,1.0,0.0,0.0,0.0,0.0,0.0,0.0,1.0,1.0,1.0,0.0,1.0,1.0,0.0,0.0,0.0,1.0,0.0,1.0,1.0,1.0,0.0,0.0,0.0,0.0,11.0,0.0,11.0,4.0,11.0,0.0,1.0,1.0,1.0,1.0,0.0,0.0,1.0,1.0,1.0,2.0,1.0,1.0,1.0,1.0,1.0,2.0,1.0,10.0,1.0,4.0,0.0,0.0,1.0,0.0,1.0,1.0,0.0,0.0,0.0,0.0,1.0,3.0,4.0,2.0,0.0,0.0,0.0,0.0,0.0,2.0,0.0,1.0,2.0,1.0,1.0,0.0,1.0,1.0,0.0,0.0,0.0,0.0,0.0,1.0,1.0,0.0,0.0,0.0,1.0,0.0,0.0,0.0,0.0,0.0,0.0,0.0,,,,,0.0,,,,,,,1.0,0.0,1.0,0.0,0.0,1.0,1.0,0.0,0.0,1.0,1.0,1.0,1.0,0.0,0.0,0.0,1.0,0.0,0.0,0.0,1.0,1.0,1.0,0.0,0.0,0.0,0.0,0.0,0.0,0.0,0.0,0.0,0.0,0.0,0.0,0.0,0.0,0.0,0.0,0.0,0.0
2020,23206187,JOAO MAGALHAES DE OLIVEIRA EMEIEF,00001,1,30/01/2020,28/12/2020,2,2303,23016,23,2307650,230765005,3,1,0.0,1.0,0.0,0.0,0.0,,,,,,,,,,,1.0,3.0,,,1.0,1.0,0.0,0.0,0.0,0.0,,0.0,0.0,0.0,1.0,1.0,0.0,0.0,0.0,0.0,1.0,0.0,0.0,0.0,0.0,1.0,0.0,1.0,0.0,1.0,0.0,0.0,0.0,0.0,0.0,0.0,0.0,1.0,1.0,0.0,0.0,1.0,1.0,1.0,1.0,1.0,0.0,1.0,1.0,1.0,0.0,0.0,0.0,1.0,1.0,0.0,0.0,0.0,1.0,1.0,0.0,0.0,0.0,0.0,0.0,0.0,1.0,1.0,1.0,0.0,1.0,1.0,0.0,0.0,0.0,0.0,0.0,0.0,1.0,1.0,0.0,1.0,0.0,0.0,6.0,0.0,6.0,0.0,0.0,0.0,1.0,1.0,1.0,0.0,0.0,0.0,1.0,1.0,1.0,5.0,1.0,2.0,1.0,1.0,1.0,2.0,1.0,3.0,1.0,3.0,0.0,0.0,1.0,0.0,1.0,1.0,0.0,0.0,0.0,3.0,1.0,2.0,5.0,1.0,0.0,0.0,0.0,0.0,0.0,2.0,1.0,1.0,0.0,4.0,0.0,0.0,1.0,1.0,0.0,0.0,0.0,0.0,0.0,0.0,1.0,0.0,1.0,0.0,1.0,0.0,1.0,0.0,0.0,0.0,0.0,0.0,,,,,0.0,,,,,,,1.0,1.0,0.0,0.0,0.0,1.0,1.0,0.0,0.0,1.0,1.0,1.0,1.0,0.0,0.0,0.0,1.0,0.0,0.0,0.0,1.0,1.0,1.0,0.0,0.0,0.0,0.0,0.0,0.0,0.0,0.0,0.0,0.0,0.0,0.0,0.0,0.0,0.0,0.0,0.0,0.0
2020,23212454,ELIAS SILVA OLIVEIRA EMEIEF,00001,1,30/01/2020,28/12/2020,2,2303,23016,23,2307650,230765005,3,1,0.0,1.0,0.0,0.0,0.0,,,,,,,,,,,1.0,3.0,,,1.0,2.0,0.0,0.0,0.0,0.0,,0.0,1.0,0.0,1.0,1.0,0.0,0.0,0.0,0.0,1.0,0.0,0.0,0.0,0.0,0.0,1.0,1.0,0.0,1.0,0.0,0.0,0.0,0.0,0.0,0.0,0.0,1.0,1.0,0.0,0.0,1.0,1.0,0.0,1.0,0.0,0.0,0.0,1.0,1.0,0.0,0.0,0.0,1.0,1.0,0.0,0.0,0.0,0.0,0.0,0.0,0.0,0.0,0.0,0.0,0.0,0.0,0.0,1.0,0.0,1.0,0.0,0.0,0.0,0.0,0.0,0.0,0.0,0.0,0.0,0.0,0.0,0.0,1.0,7.0,4.0,11.0,0.0,0.0,0.0,1.0,0.0,1.0,1.0,0.0,0.0,1.0,2.0,1.0,5.0,1.0,1.0,1.0,1.0,1.0,1.0,1.0,12.0,0.0,0.0,0.0,0.0,1.0,1.0,1.0,1.0,0.0,1.0,0.0,3.0,1.0,0.0,4.0,0.0,0.0,0.0,0.0,0.0,0.0,2.0,2.0,1.0,0.0,0.0,0.0,0.0,1.0,1.0,0.0,0.0,0.0,0.0,0.0,0.0,1.0,0.0,1.0,0.0,1.0,1.0,0.0,0.0,0.0,0.0,0.0,0.0,,,,,0.0,,,,,,,1.0,0.0,0.0,0.0,0.0,1.0,0.0,0.0,0.0,1.0,0.0,1.0,1.0,0.0,0.0,0.0,1.0,0.0,0.0,0.0,1.0,1.0,0.0,0.0,0.0,0.0,0.0,0.0,0.0,0.0,0.0,0.0,0.0,0.0,0.0,0.0,0.0,0.0,0.0,0.0,0.0
2020,23222883,OSMIRA EDUARDO DE CASTRO CRECHE MUNICIPAL,00001,1,30/01/2020,06/01/2021,2,2303,23016,23,2307650,230765005,3,1,0.0,1.0,0.0,0.0,0.0,,,,,,,,,,,1.0,3.0,,,1.0,3.0,0.0,0.0,0.0,0.0,,0.0,0.0,0.0,1.0,1.0,0.0,0.0,0.0,0.0,1.0,0.0,0.0,0.0,1.0,0.0,0.0,0.0,0.0,1.0,0.0,0.0,0.0,0.0,0.0,0.0,0.0,1.0,1.0,0.0,0.0,1.0,0.0,0.0,0.0,1.0,0.0,0.0,1.0,1.0,0.0,0.0,0.0,0.0,0.0,1.0,0.0,0.0,0.0,0.0,0.0,1.0,0.0,0.0,0.0,0.0,0.0,0.0,1.0,0.0,1.0,0.0,0.0,0.0,0.0,0.0,0.0,0.0,1.0,1.0,0.0,0.0,0.0,0.0,6.0,0.0,6.0,0.0,0.0,0.0,1.0,0.0,1.0,0.0,0.0,0.0,1.0,6.0,1.0,3.0,1.0,3.0,0.0,0.0,0.0,0.0,0.0,0.0,0.0,0.0,0.0,0.0,1.0,0.0,1.0,0.0,0.0,0.0,0.0,1.0,1.0,0.0,6.0,0.0,0.0,0.0,0.0,0.0,0.0,2.0,1.0,1.0,0.0,0.0,1.0,0.0,1.0,1.0,0.0,0.0,0.0,0.0,0.0,0.0,1.0,0.0,0.0,0.0,1.0,1.0,1.0,0.0,0.0,0.0,0.0,0.0,,,,,0.0,,,,,,,1.0,0.0,1.0,0.0,0.0,1.0,0.0,0.0,0.0,1.0,0.0,0.0,1.0,0.0,0.0,0.0,1.0,0.0,0.0,1.0,0.0,0.0,0.0,0.0,0.0,0.0,0.0,0.0,0.0,0.0,0.0,0.0,0.0,0.0,0.0,0.0,0.0,0.0,0.0,0.0,0.0
2020,23223057,CORA CORALINA - EMEIEF,00001,1,30/01/2020,29/01/2021,2,2303,23016,23,2307650,230765005,3,1,0.0,1.0,0.0,0.0,0.0,,,,,,,,,,,1.0,3.0,,,1.0,2.0,0.0,0.0,0.0,0.0,,0.0,1.0,0.0,1.0,1.0,0.0,0.0,0.0,0.0,1.0,0.0,0.0,0.0,0.0,0.0,1.0,1.0,0.0,1.0,0.0,0.0,0.0,0.0,1.0,0.0,0.0,0.0,0.0,0.0,0.0,1.0,0.0,1.0,0.0,0.0,0.0,1.0,1.0,0.0,0.0,0.0,0.0,0.0,0.0,1.0,0.0,0.0,0.0,0.0,0.0,0.0,0.0,0.0,0.0,0.0,0.0,1.0,1.0,0.0,1.0,0.0,0.0,0.0,0.0,0.0,0.0,1.0,1.0,1.0,0.0,0.0,0.0,0.0,6.0,0.0,6.0,0.0,4.0,0.0,1.0,0.0,1.0,1.0,0.0,0.0,1.0,1.0,1.0,2.0,1.0,2.0,1.0,1.0,1.0,2.0,0.0,0.0,0.0,0.0,1.0,1.0,1.0,0.0,1.0,0.0,0.0,0.0,0.0,3.0,1.0,1.0,4.0,0.0,0.0,0.0,0.0,0.0,0.0,1.0,2.0,1.0,0.0,0.0,0.0,0.0,1.0,1.0,0.0,0.0,0.0,0.0,0.0,0.0,1.0,0.0,1.0,0.0,1.0,0.0,0.0,0.0,0.0,0.0,0.0,0.0,,,,,0.0,,,,,,,1.0,1.0,1.0,0.0,0.0,1.0,0.0,0.0,0.0,1.0,0.0,1.0,1.0,0.0,0.0,0.0,1.0,1.0,0.0,0.0,1.0,1.0,0.0,0.0,0.0,0.0,0.0,0.0,0.0,0.0,0.0,0.0,0.0,1.0,0.0,0.0,0.0,0.0,0.0,0.0,0.0
2020,23223065,VINICIUS DE MORAIS EMEF,00001,1,28/01/2020,21/12/2020,2,2303,23016,23,2307650,230765005,3,1,0.0,1.0,0.0,0.0,0.0,,,,,,,,,,,1.0,3.0,,,1.0,1.0,0.0,0.0,0.0,0.0,,0.0,0.0,0.0,1.0,1.0,0.0,0.0,0.0,0.0,1.0,0.0,0.0,0.0,0.0,1.0,0.0,1.0,0.0,1.0,0.0,0.0,0.0,0.0,1.0,0.0,0.0,0.0,0.0,1.0,0.0,1.0,0.0,1.0,0.0,1.0,0.0,1.0,1.0,1.0,0.0,0.0,0.0,1.0,1.0,0.0,0.0,0.0,1.0,1.0,0.0,0.0,0.0,0.0,0.0,0.0,1.0,1.0,1.0,0.0,1.0,1.0,1.0,0.0,0.0,1.0,0.0,1.0,1.0,1.0,0.0,0.0,0.0,0.0,8.0,0.0,8.0,0.0,8.0,0.0,1.0,1.0,1.0,1.0,0.0,0.0,1.0,1.0,1.0,4.0,1.0,3.0,1.0,1.0,1.0,2.0,1.0,5.0,1.0,5.0,0.0,0.0,1.0,1.0,1.0,1.0,0.0,1.0,0.0,3.0,1.0,0.0,6.0,0.0,0.0,0.0,0.0,0.0,0.0,2.0,5.0,1.0,0.0,1.0,0.0,0.0,1.0,1.0,0.0,0.0,0.0,0.0,0.0,1.0,1.0,0.0,1.0,0.0,1.0,1.0,1.0,0.0,0.0,0.0,0.0,0.0,,,,,0.0,,,,,,,1.0,0.0,1.0,0.0,0.0,1.0,0.0,0.0,0.0,1.0,1.0,1.0,1.0,0.0,0.0,0.0,1.0,0.0,0.0,0.0,1.0,1.0,0.0,0.0,0.0,0.0,0.0,0.0,0.0,0.0,0.0,0.0,0.0,0.0,0.0,0.0,0.0,0.0,0.0,0.0,0.0
2020,23223928,HERBERT JOSE DE SOUZA BETINHO EMEF,00001,1,30/01/2020,29/12/2020,2,2303,23016,23,2307650,230765005,3,1,0.0,1.0,0.0,0.0,0.0,,,,,,,,,,,1.0,3.0,,,1.0,1.0,0.0,0.0,0.0,0.0,,0.0,0.0,0.0,1.0,1.0,0.0,0.0,0.0,0.0,1.0,0.0,0.0,0.0,1.0,0.0,0.0,0.0,0.0,1.0,0.0,0.0,0.0,0.0,1.0,0.0,0.0,0.0,1.0,1.0,0.0,1.0,1.0,1.0,1.0,1.0,0.0,1.0,1.0,1.0,0.0,0.0,0.0,1.0,1.0,1.0,1.0,0.0,1.0,1.0,0.0,0.0,0.0,0.0,0.0,0.0,1.0,1.0,1.0,0.0,1.0,1.0,0.0,0.0,0.0,0.0,0.0,0.0,0.0,1.0,0.0,0.0,0.0,0.0,8.0,0.0,8.0,0.0,0.0,0.0,1.0,1.0,1.0,1.0,1.0,0.0,1.0,2.0,1.0,10.0,1.0,2.0,1.0,1.0,1.0,2.0,1.0,10.0,1.0,3.0,0.0,0.0,1.0,1.0,1.0,1.0,1.0,1.0,1.0,3.0,1.0,2.0,4.0,0.0,0.0,0.0,0.0,0.0,0.0,2.0,1.0,1.0,0.0,1.0,1.0,0.0,1.0,1.0,0.0,0.0,0.0,0.0,0.0,1.0,1.0,1.0,1.0,0.0,1.0,1.0,1.0,0.0,1.0,0.0,0.0,0.0,,,,,0.0,,,,,,,0.0,1.0,0.0,0.0,0.0,1.0,0.0,0.0,0.0,1.0,1.0,1.0,1.0,0.0,0.0,0.0,1.0,0.0,0.0,0.0,1.0,1.0,0.0,0.0,0.0,0.0,0.0,0.0,0.0,0.0,0.0,0.0,0.0,0.0,0.0,0.0,0.0,0.0,0.0,0.0,0.0
2020,23225351,DULCE IRMA EMEIEF,00001,1,30/01/2020,28/12/2020,2,2303,23016,23,2307650,230765005,3,1,0.0,1.0,0.0,0.0,0.0,,,,,,,,,,,1.0,3.0,,,1.0,3.0,0.0,0.0,0.0,0.0,,0.0,0.0,0.0,1.0,1.0,0.0,0.0,0.0,0.0,1.0,0.0,0.0,0.0,1.0,0.0,0.0,0.0,0.0,1.0,0.0,0.0,0.0,0.0,0.0,0.0,0.0,1.0,1.0,1.0,0.0,1.0,1.0,1.0,1.0,1.0,0.0,1.0,1.0,0.0,0.0,0.0,0.0,1.0,1.0,0.0,1.0,0.0,1.0,1.0,0.0,1.0,0.0,0.0,0.0,0.0,1.0,1.0,1.0,0.0,1.0,0.0,0.0,0.0,0.0,0.0,0.0,0.0,0.0,1.0,0.0,0.0,0.0,0.0,8.0,0.0,8.0,5.0,2.0,0.0,1.0,1.0,1.0,1.0,0.0,0.0,1.0,1.0,1.0,3.0,1.0,2.0,1.0,2.0,1.0,1.0,1.0,1.0,1.0,2.0,1.0,5.0,1.0,1.0,1.0,1.0,0.0,1.0,0.0,1.0,1.0,2.0,4.0,1.0,0.0,0.0,0.0,0.0,0.0,3.0,3.0,1.0,2.0,4.0,0.0,0.0,1.0,1.0,0.0,0.0,0.0,0.0,0.0,1.0,1.0,0.0,1.0,1.0,1.0,1.0,1.0,0.0,1.0,0.0,0.0,0.0,,,,,0.0,,,,,,,1.0,1.0,1.0,0.0,0.0,1.0,0.0,0.0,0.0,1.0,0.0,0.0,1.0,0.0,0.0,0.0,1.0,0.0,0.0,1.0,1.0,1.0,0.0,0.0,0.0,0.0,0.0,0.0,0.0,0.0,0.0,0.0,0.0,0.0,0.0,0.0,0.0,0.0,0.0,0.0,0.0
2020,23225394,MARIA MARQUES DO NASCIMENTO EMEIEF,00001,1,30/01/2020,28/12/2020,2,2303,23016,23,2307650,230765005,3,1,0.0,1.0,0.0,0.0,0.0,,,,,,,,,,,1.0,3.0,,,1.0,3.0,0.0,0.0,0.0,0.0,,0.0,0.0,0.0,1.0,1.0,0.0,0.0,0.0,0.0,1.0,0.0,0.0,0.0,0.0,0.0,1.0,1.0,0.0,1.0,0.0,0.0,0.0,0.0,0.0,0.0,0.0,1.0,0.0,0.0,0.0,1.0,1.0,1.0,0.0,1.0,0.0,0.0,1.0,1.0,0.0,0.0,0.0,1.0,0.0,1.0,0.0,0.0,0.0,0.0,0.0,0.0,0.0,0.0,0.0,0.0,1.0,0.0,0.0,0.0,1.0,1.0,0.0,0.0,0.0,0.0,0.0,1.0,0.0,1.0,0.0,1.0,1.0,0.0,7.0,0.0,7.0,0.0,0.0,0.0,1.0,0.0,1.0,1.0,0.0,0.0,1.0,1.0,1.0,3.0,1.0,3.0,1.0,1.0,0.0,0.0,1.0,18.0,1.0,10.0,1.0,10.0,1.0,1.0,1.0,0.0,0.0,1.0,0.0,1.0,1.0,2.0,4.0,0.0,0.0,0.0,0.0,0.0,0.0,3.0,1.0,1.0,0.0,1.0,1.0,0.0,1.0,1.0,0.0,0.0,0.0,0.0,0.0,0.0,0.0,0.0,0.0,0.0,1.0,0.0,0.0,0.0,0.0,0.0,0.0,0.0,,,,,0.0,,,,,,,0.0,0.0,0.0,0.0,0.0,1.0,0.0,0.0,0.0,1.0,1.0,1.0,1.0,0.0,0.0,0.0,1.0,1.0,0.0,0.0,1.0,1.0,0.0,0.0,0.0,0.0,0.0,0.0,0.0,0.0,0.0,0.0,0.0,1.0,0.0,0.0,0.0,0.0,0.0,0.0,0.0
2020,23226757,JOSE DANTAS SOBRINHO EMEF,00001,1,30/01/2020,28/12/2020,2,2303,23016,23,2307650,230765005,3,1,0.0,1.0,0.0,0.0,0.0,,,,,,,,,,,1.0,3.0,,,1.0,1.0,0.0,0.0,0.0,0.0,,0.0,0.0,0.0,1.0,1.0,0.0,0.0,0.0,0.0,1.0,0.0,0.0,0.0,1.0,0.0,0.0,0.0,0.0,1.0,0.0,0.0,0.0,0.0,1.0,0.0,0.0,0.0,1.0,0.0,0.0,1.0,1.0,1.0,1.0,1.0,0.0,1.0,1.0,1.0,0.0,0.0,0.0,1.0,1.0,0.0,1.0,0.0,1.0,1.0,0.0,0.0,0.0,0.0,0.0,0.0,1.0,1.0,1.0,0.0,1.0,1.0,0.0,0.0,0.0,0.0,0.0,1.0,1.0,1.0,0.0,0.0,1.0,0.0,13.0,0.0,13.0,0.0,13.0,0.0,1.0,1.0,1.0,1.0,1.0,0.0,1.0,1.0,1.0,6.0,1.0,1.0,1.0,1.0,1.0,3.0,1.0,10.0,1.0,7.0,0.0,0.0,1.0,1.0,1.0,0.0,0.0,1.0,0.0,3.0,1.0,1.0,5.0,0.0,0.0,0.0,0.0,0.0,0.0,2.0,2.0,1.0,0.0,1.0,1.0,0.0,1.0,1.0,0.0,0.0,0.0,0.0,0.0,0.0,1.0,0.0,0.0,0.0,1.0,0.0,0.0,0.0,0.0,1.0,0.0,0.0,,,,,0.0,,,,,,,1.0,1.0,0.0,1.0,0.0,1.0,1.0,0.0,0.0,1.0,1.0,1.0,1.0,0.0,0.0,0.0,1.0,0.0,0.0,0.0,1.0,1.0,1.0,0.0,0.0,0.0,0.0,0.0,0.0,0.0,0.0,0.0,0.0,0.0,0.0,0.0,0.0,0.0,0.0,0.0,0.0
2020,23232692,TERESA DE CALCUTA MADRE EMEF,00001,1,30/01/2020,28/12/2020,2,2303,23016,23,2307650,230765005,3,1,0.0,1.0,0.0,0.0,0.0,,,,,,,,,,,1.0,3.0,,,1.0,2.0,0.0,0.0,0.0,0.0,,0.0,0.0,0.0,1.0,1.0,0.0,0.0,0.0,0.0,1.0,0.0,0.0,0.0,0.0,0.0,1.0,1.0,0.0,1.0,0.0,0.0,0.0,0.0,0.0,0.0,0.0,1.0,1.0,0.0,0.0,1.0,0.0,0.0,0.0,1.0,0.0,1.0,1.0,0.0,0.0,0.0,0.0,1.0,1.0,1.0,0.0,0.0,0.0,0.0,0.0,0.0,0.0,0.0,0.0,0.0,1.0,1.0,1.0,0.0,1.0,1.0,0.0,0.0,0.0,0.0,0.0,0.0,0.0,1.0,0.0,0.0,0.0,0.0,7.0,0.0,7.0,2.0,0.0,0.0,1.0,0.0,1.0,1.0,0.0,0.0,1.0,3.0,1.0,5.0,1.0,2.0,1.0,1.0,1.0,2.0,0.0,0.0,1.0,25.0,0.0,0.0,1.0,1.0,1.0,1.0,0.0,1.0,0.0,3.0,1.0,1.0,5.0,1.0,0.0,0.0,0.0,0.0,0.0,1.0,1.0,1.0,0.0,1.0,1.0,0.0,1.0,1.0,0.0,0.0,0.0,0.0,0.0,1.0,0.0,0.0,1.0,1.0,1.0,1.0,0.0,0.0,0.0,0.0,0.0,0.0,,,,,0.0,,,,,,,1.0,0.0,0.0,0.0,0.0,1.0,0.0,1.0,0.0,1.0,1.0,1.0,1.0,0.0,0.0,0.0,1.0,0.0,0.0,0.0,0.0,1.0,0.0,0.0,0.0,0.0,0.0,0.0,0.0,0.0,0.0,0.0,0.0,0.0,0.0,0.0,0.0,0.0,0.0,0.0,0.0
2020,23232706,CARLOS DRUMMOND DE ANDRADE EMEIEF,00001,1,30/01/2020,28/12/2020,2,2303,23016,23,2307650,230765030,3,1,0.0,1.0,0.0,0.0,0.0,,,,,,,,,,,1.0,3.0,,,1.0,2.0,0.0,0.0,0.0,0.0,,0.0,0.0,0.0,1.0,1.0,0.0,0.0,0.0,0.0,1.0,0.0,0.0,0.0,0.0,1.0,0.0,1.0,0.0,1.0,0.0,0.0,0.0,0.0,0.0,0.0,0.0,1.0,1.0,0.0,0.0,1.0,1.0,1.0,1.0,1.0,0.0,1.0,1.0,1.0,0.0,0.0,0.0,0.0,1.0,1.0,1.0,0.0,0.0,0.0,0.0,0.0,0.0,0.0,0.0,0.0,1.0,1.0,1.0,0.0,1.0,1.0,0.0,0.0,0.0,1.0,0.0,1.0,0.0,1.0,0.0,1.0,0.0,0.0,12.0,0.0,12.0,1.0,1.0,0.0,1.0,1.0,1.0,1.0,0.0,0.0,1.0,2.0,1.0,4.0,1.0,3.0,1.0,2.0,1.0,1.0,0.0,0.0,1.0,7.0,0.0,0.0,1.0,0.0,1.0,0.0,0.0,0.0,0.0,2.0,1.0,1.0,4.0,0.0,0.0,0.0,0.0,0.0,0.0,1.0,1.0,1.0,0.0,0.0,1.0,0.0,1.0,1.0,0.0,0.0,0.0,0.0,0.0,1.0,1.0,0.0,1.0,1.0,1.0,1.0,1.0,0.0,0.0,0.0,0.0,0.0,,,,,0.0,,,,,,,1.0,0.0,0.0,0.0,0.0,1.0,0.0,0.0,0.0,1.0,1.0,1.0,1.0,0.0,0.0,0.0,1.0,0.0,0.0,0.0,1.0,1.0,0.0,0.0,0.0,0.0,0.0,0.0,0.0,0.0,0.0,0.0,0.0,0.0,0.0,0.0,0.0,0.0,0.0,0.0,0.0
2020,23234563,HELDER PESSOA CAMARA DOM EMEIEF,00001,1,30/01/2020,29/12/2020,2,2303,23016,23,2307650,230765005,3,1,0.0,1.0,0.0,0.0,0.0,,,,,,,,,,,1.0,3.0,,,1.0,1.0,0.0,0.0,0.0,0.0,,0.0,0.0,0.0,1.0,1.0,0.0,0.0,0.0,0.0,1.0,0.0,0.0,0.0,1.0,0.0,0.0,0.0,0.0,1.0,0.0,0.0,0.0,0.0,0.0,0.0,0.0,1.0,1.0,0.0,0.0,1.0,1.0,1.0,1.0,1.0,0.0,1.0,1.0,1.0,0.0,0.0,0.0,1.0,1.0,1.0,0.0,0.0,1.0,1.0,0.0,0.0,0.0,0.0,0.0,0.0,1.0,1.0,1.0,0.0,1.0,0.0,0.0,0.0,0.0,0.0,0.0,1.0,1.0,1.0,0.0,1.0,0.0,0.0,13.0,0.0,13.0,10.0,10.0,0.0,1.0,0.0,1.0,1.0,1.0,0.0,1.0,3.0,1.0,5.0,1.0,2.0,1.0,1.0,1.0,1.0,1.0,4.0,1.0,3.0,1.0,2.0,1.0,1.0,1.0,1.0,0.0,1.0,0.0,3.0,1.0,2.0,0.0,1.0,0.0,0.0,0.0,0.0,0.0,2.0,2.0,1.0,0.0,1.0,0.0,0.0,1.0,1.0,0.0,0.0,0.0,0.0,0.0,1.0,1.0,0.0,1.0,1.0,1.0,1.0,1.0,0.0,0.0,0.0,0.0,0.0,,,,,0.0,,,,,,,1.0,0.0,0.0,0.0,0.0,1.0,0.0,0.0,0.0,1.0,0.0,0.0,1.0,0.0,0.0,0.0,1.0,1.0,0.0,0.0,1.0,1.0,1.0,0.0,0.0,0.0,0.0,0.0,0.0,0.0,0.0,0.0,0.0,1.0,0.0,0.0,0.0,0.0,0.0,0.0,0.0
2020,23241322,ELEAZAR DE CARVALHO MAESTRO EMEF,00001,1,30/01/2020,28/12/2020,2,2303,23016,23,2307650,230765005,3,1,0.0,1.0,0.0,0.0,0.0,,,,,,,,,,,1.0,3.0,,,1.0,3.0,0.0,0.0,0.0,0.0,,0.0,0.0,0.0,1.0,1.0,0.0,0.0,0.0,0.0,1.0,0.0,0.0,0.0,1.0,0.0,0.0,0.0,0.0,1.0,0.0,0.0,0.0,0.0,0.0,0.0,0.0,1.0,1.0,1.0,0.0,1.0,0.0,1.0,1.0,1.0,0.0,1.0,1.0,1.0,0.0,0.0,0.0,1.0,1.0,0.0,0.0,0.0,0.0,0.0,0.0,0.0,0.0,0.0,0.0,1.0,1.0,1.0,1.0,0.0,1.0,0.0,1.0,0.0,0.0,1.0,0.0,1.0,1.0,1.0,0.0,0.0,0.0,0.0,9.0,0.0,9.0,0.0,9.0,0.0,1.0,1.0,1.0,1.0,0.0,0.0,1.0,2.0,1.0,2.0,1.0,2.0,1.0,1.0,1.0,3.0,1.0,7.0,1.0,3.0,0.0,0.0,1.0,0.0,1.0,1.0,0.0,0.0,0.0,2.0,1.0,1.0,5.0,1.0,0.0,1.0,0.0,0.0,0.0,2.0,0.0,1.0,0.0,1.0,1.0,0.0,1.0,1.0,0.0,0.0,0.0,0.0,0.0,0.0,1.0,1.0,1.0,0.0,1.0,0.0,1.0,0.0,0.0,0.0,0.0,0.0,,,,,0.0,,,,,,,1.0,0.0,0.0,0.0,0.0,1.0,0.0,0.0,0.0,1.0,0.0,1.0,1.0,0.0,0.0,0.0,1.0,0.0,0.0,0.0,1.0,1.0,0.0,0.0,0.0,0.0,0.0,0.0,0.0,0.0,0.0,0.0,0.0,0.0,0.0,0.0,0.0,0.0,0.0,0.0,0.0
2020,23242655,MARIO COVAS GOV EMEIEF,00001,1,30/01/2020,28/12/2020,2,2303,23016,23,2307650,230765005,3,1,0.0,1.0,0.0,0.0,0.0,,,,,,,,,,,1.0,3.0,,,1.0,2.0,0.0,0.0,0.0,0.0,,0.0,0.0,0.0,1.0,1.0,0.0,0.0,0.0,0.0,1.0,0.0,0.0,0.0,0.0,1.0,0.0,1.0,0.0,1.0,0.0,0.0,0.0,0.0,1.0,0.0,0.0,0.0,0.0,0.0,1.0,1.0,1.0,1.0,1.0,1.0,0.0,1.0,1.0,1.0,0.0,0.0,0.0,1.0,1.0,1.0,0.0,0.0,1.0,1.0,0.0,0.0,0.0,0.0,0.0,0.0,1.0,1.0,1.0,0.0,1.0,1.0,0.0,0.0,0.0,0.0,0.0,1.0,0.0,1.0,0.0,0.0,0.0,0.0,12.0,0.0,12.0,0.0,0.0,0.0,1.0,1.0,1.0,1.0,1.0,0.0,1.0,4.0,1.0,10.0,1.0,4.0,1.0,1.0,1.0,1.0,1.0,7.0,1.0,3.0,1.0,8.0,1.0,1.0,1.0,1.0,0.0,1.0,0.0,1.0,1.0,1.0,5.0,1.0,0.0,0.0,0.0,0.0,0.0,2.0,2.0,1.0,0.0,1.0,1.0,0.0,1.0,1.0,0.0,0.0,0.0,0.0,0.0,0.0,1.0,0.0,0.0,0.0,1.0,1.0,1.0,0.0,0.0,0.0,0.0,0.0,,,,,0.0,,,,,,,1.0,0.0,0.0,0.0,0.0,1.0,0.0,0.0,0.0,1.0,1.0,1.0,1.0,0.0,0.0,0.0,1.0,0.0,0.0,0.0,1.0,1.0,0.0,0.0,0.0,0.0,0.0,0.0,0.0,0.0,0.0,0.0,0.0,0.0,0.0,0.0,0.0,0.0,0.0,0.0,0.0
2020,23242671,EDSON QUEIROZ EMEF,00001,1,30/01/2020,28/12/2020,2,2303,23016,23,2307650,230765005,3,1,0.0,1.0,0.0,0.0,0.0,,,,,,,,,,,1.0,3.0,,,1.0,3.0,0.0,0.0,0.0,0.0,,0.0,0.0,0.0,1.0,1.0,0.0,0.0,0.0,0.0,1.0,0.0,0.0,0.0,1.0,0.0,0.0,0.0,0.0,1.0,0.0,0.0,0.0,0.0,1.0,0.0,0.0,0.0,1.0,1.0,0.0,1.0,0.0,1.0,0.0,1.0,0.0,1.0,1.0,1.0,0.0,0.0,0.0,0.0,1.0,0.0,0.0,0.0,1.0,0.0,1.0,0.0,0.0,0.0,0.0,0.0,1.0,1.0,1.0,0.0,1.0,1.0,0.0,0.0,0.0,0.0,0.0,1.0,1.0,1.0,0.0,0.0,0.0,0.0,9.0,0.0,9.0,0.0,0.0,0.0,1.0,1.0,1.0,1.0,1.0,0.0,1.0,2.0,1.0,2.0,1.0,1.0,0.0,0.0,0.0,0.0,0.0,0.0,1.0,12.0,0.0,0.0,1.0,0.0,1.0,1.0,0.0,0.0,0.0,1.0,1.0,1.0,12.0,0.0,0.0,0.0,0.0,0.0,0.0,0.0,0.0,1.0,0.0,0.0,0.0,0.0,1.0,1.0,0.0,0.0,0.0,0.0,0.0,0.0,0.0,0.0,1.0,0.0,1.0,1.0,0.0,0.0,0.0,0.0,0.0,0.0,,,,,0.0,,,,,,,0.0,0.0,0.0,0.0,0.0,1.0,0.0,0.0,0.0,1.0,1.0,1.0,1.0,0.0,0.0,0.0,1.0,0.0,0.0,0.0,0.0,1.0,0.0,0.0,0.0,0.0,0.0,0.0,0.0,0.0,0.0,0.0,0.0,0.0,0.0,0.0,0.0,0.0,0.0,0.0,0.0
2020,23265132,ELSA MARIA LAUREANO PEREIRA CENTRO DE EDUCACAO INFANTIL,00001,1,30/01/2020,23/12/2020,2,2303,23016,23,2307650,230765005,3,1,0.0,1.0,0.0,0.0,0.0,,,,,,,,,,,1.0,3.0,,,1.0,1.0,0.0,0.0,0.0,0.0,,0.0,0.0,0.0,1.0,1.0,0.0,0.0,0.0,0.0,1.0,0.0,0.0,0.0,1.0,0.0,0.0,0.0,0.0,1.0,0.0,0.0,0.0,0.0,0.0,0.0,0.0,1.0,1.0,1.0,0.0,1.0,1.0,1.0,1.0,1.0,0.0,0.0,1.0,1.0,1.0,0.0,0.0,0.0,1.0,1.0,1.0,0.0,0.0,0.0,0.0,1.0,0.0,0.0,0.0,0.0,1.0,0.0,1.0,0.0,1.0,0.0,0.0,0.0,0.0,0.0,0.0,0.0,0.0,0.0,0.0,0.0,0.0,1.0,9.0,0.0,9.0,7.0,0.0,0.0,1.0,0.0,1.0,0.0,0.0,0.0,1.0,1.0,0.0,0.0,1.0,2.0,0.0,0.0,1.0,1.0,0.0,0.0,0.0,0.0,0.0,0.0,1.0,0.0,1.0,0.0,0.0,0.0,0.0,1.0,1.0,1.0,5.0,0.0,0.0,1.0,0.0,0.0,0.0,0.0,0.0,1.0,2.0,0.0,0.0,0.0,1.0,1.0,0.0,0.0,0.0,0.0,0.0,0.0,1.0,0.0,0.0,0.0,1.0,0.0,0.0,0.0,0.0,0.0,0.0,0.0,,,,,0.0,,,,,,,0.0,0.0,0.0,0.0,0.0,1.0,0.0,0.0,0.0,1.0,0.0,0.0,1.0,0.0,0.0,0.0,1.0,0.0,0.0,1.0,1.0,0.0,0.0,0.0,0.0,0.0,0.0,0.0,0.0,0.0,0.0,0.0,0.0,0.0,0.0,0.0,0.0,0.0,0.0,0.0,0.0
2020,23270896,MARIA JOSE ISIDORO PROFÂª EMEIEF,00001,1,30/01/2020,30/12/2020,2,2303,23016,23,2307650,230765005,3,1,0.0,1.0,0.0,0.0,0.0,,,,,,,,,,,1.0,3.0,,,1.0,2.0,0.0,0.0,0.0,0.0,,0.0,0.0,0.0,1.0,1.0,0.0,0.0,0.0,0.0,1.0,0.0,0.0,0.0,0.0,1.0,0.0,1.0,0.0,1.0,0.0,0.0,0.0,0.0,0.0,0.0,0.0,1.0,0.0,1.0,0.0,1.0,1.0,1.0,0.0,1.0,0.0,0.0,1.0,1.0,0.0,0.0,0.0,0.0,0.0,0.0,0.0,0.0,0.0,0.0,0.0,0.0,0.0,0.0,0.0,0.0,1.0,0.0,1.0,0.0,1.0,0.0,0.0,0.0,0.0,0.0,0.0,0.0,0.0,1.0,0.0,0.0,0.0,0.0,8.0,0.0,8.0,0.0,0.0,0.0,1.0,0.0,1.0,0.0,0.0,0.0,0.0,0.0,1.0,8.0,1.0,2.0,1.0,1.0,1.0,1.0,1.0,3.0,1.0,5.0,0.0,0.0,1.0,0.0,1.0,1.0,0.0,0.0,0.0,1.0,1.0,1.0,2.0,0.0,0.0,0.0,0.0,0.0,0.0,1.0,4.0,1.0,0.0,0.0,1.0,0.0,1.0,1.0,0.0,0.0,0.0,0.0,0.0,0.0,1.0,0.0,0.0,0.0,1.0,1.0,1.0,0.0,0.0,0.0,0.0,0.0,,,,,0.0,,,,,,,1.0,0.0,0.0,0.0,0.0,1.0,0.0,1.0,0.0,1.0,0.0,1.0,1.0,0.0,0.0,0.0,1.0,0.0,0.0,0.0,1.0,1.0,0.0,0.0,0.0,0.0,0.0,0.0,0.0,0.0,0.0,0.0,0.0,0.0,0.0,0.0,0.0,0.0,0.0,0.0,0.0
2020,23270900,FRANCISCA FLORENCIA DA SILVA PROFÂª EMEIEF,00001,1,30/01/2020,28/12/2020,2,2303,23016,23,2307650,230765005,3,1,0.0,1.0,0.0,0.0,0.0,,,,,,,,,,,1.0,3.0,,,1.0,2.0,0.0,0.0,0.0,0.0,,0.0,1.0,0.0,1.0,1.0,0.0,0.0,0.0,0.0,1.0,0.0,0.0,0.0,1.0,0.0,0.0,0.0,0.0,1.0,0.0,0.0,0.0,0.0,0.0,0.0,0.0,1.0,0.0,0.0,0.0,1.0,1.0,1.0,1.0,1.0,0.0,0.0,1.0,1.0,0.0,0.0,0.0,1.0,0.0,1.0,0.0,0.0,0.0,0.0,0.0,0.0,0.0,0.0,0.0,0.0,1.0,0.0,1.0,0.0,0.0,0.0,0.0,0.0,0.0,1.0,0.0,0.0,0.0,1.0,0.0,0.0,0.0,0.0,5.0,5.0,10.0,1.0,0.0,0.0,1.0,1.0,1.0,1.0,0.0,0.0,1.0,1.0,1.0,1.0,1.0,1.0,1.0,1.0,1.0,1.0,1.0,17.0,0.0,0.0,0.0,0.0,1.0,0.0,1.0,1.0,0.0,0.0,0.0,1.0,1.0,3.0,4.0,0.0,0.0,0.0,0.0,0.0,0.0,0.0,1.0,1.0,0.0,0.0,1.0,0.0,1.0,1.0,0.0,0.0,0.0,0.0,0.0,0.0,1.0,0.0,1.0,0.0,1.0,1.0,0.0,0.0,0.0,0.0,0.0,0.0,,,,,0.0,,,,,,,1.0,0.0,0.0,0.0,0.0,1.0,0.0,0.0,0.0,1.0,0.0,1.0,1.0,0.0,0.0,0.0,1.0,0.0,0.0,1.0,1.0,1.0,0.0,0.0,0.0,0.0,0.0,0.0,0.0,0.0,0.0,0.0,0.0,0.0,0.0,0.0,0.0,0.0,0.0,0.0,0.0
2020,23270918,LUIS CARLOS PRESTES EMEIEF,00001,1,30/01/2020,23/12/2020,2,2303,23016,23,2307650,230765005,3,1,0.0,1.0,0.0,0.0,0.0,,,,,,,,,,,1.0,3.0,,,1.0,2.0,0.0,0.0,0.0,0.0,,0.0,0.0,0.0,1.0,1.0,0.0,0.0,0.0,0.0,1.0,0.0,0.0,0.0,1.0,0.0,0.0,0.0,0.0,1.0,0.0,0.0,0.0,0.0,0.0,0.0,0.0,1.0,1.0,0.0,0.0,1.0,1.0,1.0,0.0,0.0,0.0,0.0,1.0,0.0,0.0,0.0,0.0,0.0,0.0,1.0,1.0,0.0,0.0,0.0,0.0,0.0,0.0,0.0,0.0,0.0,1.0,0.0,1.0,0.0,0.0,0.0,0.0,0.0,0.0,0.0,0.0,1.0,0.0,1.0,0.0,0.0,0.0,0.0,5.0,0.0,5.0,1.0,4.0,0.0,1.0,0.0,1.0,1.0,0.0,0.0,1.0,2.0,1.0,2.0,0.0,0.0,1.0,1.0,1.0,2.0,0.0,0.0,0.0,0.0,0.0,0.0,1.0,0.0,1.0,1.0,0.0,0.0,0.0,0.0,1.0,2.0,1.0,0.0,0.0,0.0,0.0,0.0,0.0,1.0,1.0,1.0,0.0,0.0,0.0,0.0,1.0,1.0,0.0,0.0,0.0,0.0,0.0,0.0,1.0,0.0,1.0,0.0,1.0,0.0,0.0,0.0,0.0,0.0,0.0,0.0,,,,,0.0,,,,,,,0.0,0.0,0.0,0.0,0.0,1.0,0.0,0.0,0.0,1.0,0.0,0.0,1.0,0.0,0.0,0.0,1.0,0.0,0.0,0.0,1.0,0.0,0.0,0.0,0.0,0.0,0.0,0.0,0.0,0.0,0.0,0.0,0.0,0.0,0.0,0.0,0.0,0.0,0.0,0.0,0.0
2020,23270926,ADELIA SANTOS DE SOUSA PROFÂª EMEIEF,00001,1,30/01/2020,23/12/2020,2,2303,23016,23,2307650,230765005,3,1,0.0,1.0,0.0,0.0,0.0,,,,,,,,,,,1.0,3.0,,,1.0,2.0,0.0,0.0,0.0,0.0,,0.0,0.0,0.0,1.0,1.0,0.0,0.0,0.0,0.0,1.0,0.0,0.0,0.0,1.0,0.0,0.0,0.0,0.0,1.0,0.0,0.0,0.0,0.0,0.0,0.0,0.0,1.0,0.0,1.0,0.0,1.0,1.0,1.0,0.0,1.0,0.0,0.0,1.0,0.0,0.0,0.0,0.0,0.0,0.0,1.0,0.0,0.0,1.0,1.0,0.0,0.0,0.0,0.0,0.0,0.0,1.0,0.0,1.0,0.0,1.0,0.0,0.0,0.0,0.0,0.0,0.0,1.0,0.0,0.0,0.0,0.0,0.0,0.0,8.0,0.0,8.0,4.0,4.0,0.0,1.0,1.0,1.0,1.0,0.0,0.0,1.0,1.0,1.0,8.0,1.0,4.0,1.0,1.0,1.0,2.0,0.0,0.0,1.0,2.0,0.0,0.0,1.0,0.0,1.0,0.0,0.0,0.0,0.0,2.0,1.0,2.0,4.0,0.0,0.0,0.0,0.0,0.0,0.0,1.0,1.0,1.0,0.0,0.0,0.0,0.0,1.0,1.0,0.0,0.0,0.0,0.0,0.0,0.0,1.0,0.0,0.0,0.0,1.0,1.0,0.0,0.0,0.0,0.0,0.0,0.0,,,,,0.0,,,,,,,0.0,0.0,0.0,0.0,0.0,1.0,0.0,0.0,0.0,1.0,0.0,0.0,1.0,0.0,0.0,0.0,1.0,0.0,0.0,0.0,1.0,0.0,0.0,0.0,0.0,0.0,0.0,0.0,0.0,0.0,0.0,0.0,0.0,0.0,0.0,0.0,0.0,0.0,0.0,0.0,0.0
2020,23270934,NARCISO PESSOA DE ARAUJO EMEIEF,00001,1,30/01/2020,28/12/2020,2,2303,23016,23,2307650,230765005,3,1,0.0,1.0,0.0,0.0,0.0,,,,,,,,,,,1.0,3.0,,,1.0,1.0,0.0,0.0,0.0,0.0,,0.0,0.0,0.0,1.0,1.0,0.0,0.0,0.0,0.0,1.0,0.0,0.0,0.0,1.0,0.0,0.0,0.0,0.0,1.0,0.0,0.0,0.0,0.0,1.0,0.0,0.0,0.0,1.0,1.0,0.0,1.0,1.0,1.0,1.0,1.0,0.0,1.0,1.0,1.0,0.0,0.0,0.0,1.0,1.0,1.0,1.0,0.0,1.0,1.0,0.0,1.0,0.0,0.0,0.0,0.0,1.0,1.0,1.0,0.0,1.0,1.0,0.0,0.0,0.0,0.0,0.0,1.0,0.0,1.0,0.0,0.0,0.0,0.0,16.0,0.0,16.0,16.0,16.0,0.0,1.0,1.0,1.0,1.0,0.0,0.0,1.0,2.0,1.0,2.0,1.0,2.0,1.0,1.0,1.0,2.0,1.0,8.0,1.0,6.0,1.0,8.0,1.0,1.0,1.0,1.0,0.0,1.0,0.0,3.0,1.0,3.0,7.0,3.0,0.0,0.0,0.0,0.0,0.0,3.0,2.0,1.0,0.0,1.0,1.0,0.0,1.0,1.0,0.0,0.0,0.0,0.0,0.0,0.0,1.0,0.0,1.0,0.0,1.0,1.0,1.0,0.0,0.0,0.0,0.0,0.0,,,,,0.0,,,,,,,1.0,1.0,1.0,0.0,0.0,1.0,0.0,0.0,0.0,1.0,1.0,1.0,1.0,0.0,0.0,0.0,1.0,1.0,0.0,0.0,1.0,1.0,0.0,0.0,0.0,0.0,0.0,0.0,0.0,0.0,0.0,0.0,0.0,1.0,0.0,0.0,0.0,0.0,0.0,0.0,0.0
2020,23270942,FRANCISCO OSCAR RODRIGUES PROFÂº EMEIEF,00001,1,30/01/2020,28/12/2020,2,2303,23016,23,2307650,230765030,3,1,0.0,1.0,0.0,0.0,0.0,,,,,,,,,,,1.0,3.0,,,1.0,2.0,0.0,0.0,0.0,0.0,,0.0,0.0,0.0,1.0,1.0,0.0,0.0,0.0,0.0,1.0,0.0,0.0,0.0,1.0,0.0,0.0,0.0,0.0,1.0,0.0,0.0,0.0,0.0,0.0,0.0,0.0,1.0,1.0,0.0,0.0,1.0,1.0,1.0,1.0,0.0,0.0,1.0,1.0,1.0,0.0,0.0,0.0,1.0,1.0,1.0,0.0,0.0,0.0,0.0,0.0,0.0,0.0,0.0,0.0,0.0,1.0,1.0,1.0,0.0,1.0,0.0,0.0,0.0,0.0,0.0,0.0,1.0,0.0,1.0,0.0,0.0,0.0,0.0,8.0,0.0,8.0,0.0,8.0,0.0,1.0,0.0,1.0,0.0,0.0,0.0,1.0,2.0,1.0,3.0,1.0,2.0,1.0,1.0,1.0,1.0,1.0,15.0,0.0,0.0,0.0,0.0,1.0,1.0,1.0,1.0,0.0,1.0,0.0,1.0,0.0,1.0,3.0,0.0,0.0,0.0,0.0,0.0,0.0,1.0,1.0,1.0,0.0,1.0,1.0,0.0,1.0,9.0,9.0,9.0,9.0,9.0,9.0,1.0,1.0,0.0,0.0,0.0,1.0,1.0,0.0,0.0,1.0,0.0,0.0,0.0,,,,,0.0,,,,,,,0.0,1.0,0.0,0.0,0.0,1.0,0.0,0.0,0.0,1.0,0.0,0.0,1.0,0.0,0.0,0.0,1.0,0.0,0.0,0.0,1.0,0.0,0.0,0.0,0.0,0.0,0.0,0.0,0.0,0.0,0.0,0.0,0.0,0.0,0.0,0.0,0.0,0.0,0.0,0.0,0.0
2020,23270950,MARIA DO SOCORRO VIANA FREITAS PROFÂª EMEIEF,00001,1,29/01/2020,23/12/2020,2,2303,23016,23,2307650,230765005,3,1,0.0,1.0,0.0,0.0,0.0,,,,,,,,,,,1.0,3.0,,,1.0,2.0,0.0,0.0,0.0,0.0,,0.0,0.0,0.0,1.0,1.0,0.0,0.0,0.0,0.0,1.0,0.0,0.0,0.0,1.0,0.0,0.0,0.0,0.0,1.0,0.0,0.0,0.0,0.0,9.0,9.0,9.0,9.0,1.0,1.0,0.0,1.0,1.0,1.0,1.0,1.0,0.0,1.0,1.0,1.0,0.0,0.0,0.0,1.0,1.0,1.0,1.0,0.0,1.0,0.0,1.0,1.0,0.0,0.0,0.0,0.0,1.0,1.0,1.0,0.0,1.0,1.0,0.0,0.0,0.0,0.0,0.0,1.0,0.0,1.0,0.0,0.0,0.0,0.0,11.0,0.0,11.0,0.0,11.0,0.0,1.0,0.0,1.0,1.0,0.0,0.0,1.0,2.0,1.0,1.0,1.0,2.0,0.0,0.0,1.0,1.0,1.0,11.0,1.0,6.0,1.0,15.0,1.0,1.0,1.0,1.0,0.0,1.0,0.0,2.0,1.0,2.0,5.0,0.0,0.0,0.0,0.0,0.0,0.0,2.0,1.0,1.0,0.0,1.0,1.0,0.0,1.0,1.0,0.0,0.0,0.0,0.0,0.0,0.0,1.0,0.0,1.0,0.0,1.0,0.0,0.0,0.0,0.0,0.0,0.0,0.0,,,,,0.0,,,,,,,1.0,1.0,0.0,0.0,0.0,1.0,0.0,0.0,0.0,1.0,1.0,1.0,1.0,0.0,0.0,0.0,1.0,0.0,0.0,1.0,1.0,1.0,0.0,0.0,0.0,0.0,0.0,0.0,0.0,0.0,0.0,0.0,0.0,0.0,0.0,0.0,0.0,0.0,0.0,0.0,0.0
2020,23270969,NORMA CELIA PINHEIRO CRISPIM PROFÂª EMEIEF,00001,1,30/01/2020,28/12/2020,2,2303,23016,23,2307650,230765005,3,1,0.0,1.0,0.0,0.0,0.0,,,,,,,,,,,1.0,3.0,,,1.0,1.0,0.0,0.0,0.0,0.0,,0.0,0.0,0.0,1.0,1.0,0.0,0.0,0.0,0.0,1.0,0.0,0.0,0.0,1.0,0.0,0.0,0.0,0.0,1.0,0.0,0.0,0.0,0.0,1.0,0.0,0.0,0.0,1.0,1.0,0.0,1.0,1.0,1.0,1.0,1.0,0.0,0.0,1.0,1.0,0.0,0.0,0.0,1.0,0.0,0.0,1.0,0.0,1.0,1.0,0.0,1.0,0.0,0.0,0.0,0.0,1.0,0.0,1.0,0.0,1.0,1.0,1.0,0.0,0.0,0.0,0.0,1.0,1.0,1.0,0.0,0.0,0.0,0.0,14.0,0.0,14.0,1.0,3.0,0.0,1.0,1.0,1.0,1.0,1.0,0.0,1.0,3.0,1.0,3.0,1.0,1.0,1.0,1.0,1.0,2.0,1.0,9.0,1.0,4.0,1.0,2.0,1.0,1.0,1.0,1.0,0.0,1.0,0.0,3.0,1.0,3.0,8.0,0.0,0.0,0.0,0.0,0.0,0.0,2.0,3.0,1.0,2.0,1.0,1.0,0.0,1.0,1.0,0.0,0.0,0.0,0.0,0.0,1.0,1.0,0.0,1.0,1.0,1.0,1.0,1.0,0.0,1.0,0.0,0.0,0.0,,,,,0.0,,,,,,,1.0,1.0,0.0,0.0,0.0,1.0,0.0,0.0,0.0,1.0,1.0,1.0,1.0,0.0,0.0,0.0,1.0,1.0,0.0,1.0,1.0,1.0,0.0,0.0,0.0,0.0,0.0,0.0,0.0,0.0,0.0,0.0,0.0,1.0,0.0,0.0,0.0,0.0,0.0,0.0,0.0
2020,23270977,CEZARINA DE OLIVEIRA GOMES PROFÂª EMEIEF,00001,1,30/01/2020,28/12/2020,2,2303,23016,23,2307650,230765005,3,1,0.0,1.0,0.0,0.0,0.0,,,,,,,,,,,1.0,3.0,,,1.0,2.0,0.0,0.0,0.0,0.0,,0.0,0.0,0.0,1.0,1.0,0.0,0.0,0.0,0.0,1.0,0.0,0.0,0.0,0.0,1.0,0.0,1.0,0.0,1.0,0.0,0.0,0.0,0.0,0.0,0.0,0.0,1.0,1.0,1.0,0.0,1.0,1.0,0.0,1.0,0.0,0.0,0.0,1.0,0.0,0.0,0.0,0.0,0.0,0.0,0.0,1.0,0.0,0.0,0.0,0.0,1.0,0.0,0.0,0.0,0.0,1.0,0.0,1.0,0.0,1.0,1.0,1.0,0.0,0.0,0.0,0.0,0.0,0.0,0.0,0.0,0.0,0.0,1.0,6.0,0.0,6.0,0.0,0.0,0.0,1.0,1.0,1.0,0.0,0.0,0.0,1.0,3.0,1.0,3.0,1.0,5.0,0.0,0.0,1.0,1.0,0.0,0.0,0.0,0.0,0.0,0.0,1.0,0.0,1.0,1.0,0.0,0.0,0.0,1.0,1.0,1.0,5.0,0.0,0.0,0.0,0.0,0.0,0.0,1.0,0.0,1.0,0.0,2.0,0.0,0.0,1.0,1.0,0.0,0.0,0.0,0.0,0.0,1.0,1.0,0.0,0.0,0.0,1.0,0.0,0.0,0.0,0.0,0.0,0.0,0.0,,,,,0.0,,,,,,,1.0,0.0,0.0,0.0,0.0,1.0,0.0,0.0,0.0,1.0,1.0,1.0,1.0,0.0,0.0,0.0,1.0,0.0,0.0,0.0,1.0,1.0,0.0,0.0,0.0,0.0,0.0,0.0,0.0,0.0,0.0,0.0,0.0,0.0,0.0,0.0,0.0,0.0,0.0,0.0,0.0
2020,23270985,FRANCISCO ARAUJO DO NASCIMENTO PROF EMEIEF,00001,1,30/01/2020,23/12/2020,2,2303,23016,23,2307650,230765005,3,1,0.0,1.0,0.0,0.0,0.0,,,,,,,,,,,1.0,3.0,,,1.0,2.0,0.0,0.0,0.0,0.0,,0.0,0.0,0.0,1.0,1.0,0.0,0.0,0.0,0.0,1.0,0.0,0.0,0.0,1.0,0.0,0.0,0.0,0.0,1.0,0.0,0.0,0.0,0.0,1.0,0.0,0.0,0.0,1.0,0.0,0.0,1.0,1.0,1.0,1.0,1.0,0.0,1.0,1.0,0.0,0.0,0.0,0.0,1.0,1.0,1.0,0.0,0.0,0.0,0.0,0.0,0.0,0.0,0.0,0.0,0.0,1.0,1.0,1.0,0.0,1.0,1.0,0.0,0.0,0.0,0.0,0.0,1.0,0.0,0.0,0.0,0.0,0.0,0.0,10.0,0.0,10.0,0.0,0.0,0.0,1.0,0.0,1.0,0.0,0.0,0.0,1.0,1.0,1.0,2.0,1.0,2.0,0.0,0.0,1.0,1.0,0.0,0.0,1.0,6.0,0.0,0.0,1.0,0.0,1.0,0.0,0.0,0.0,0.0,1.0,1.0,0.0,7.0,0.0,0.0,0.0,0.0,0.0,0.0,0.0,0.0,1.0,0.0,0.0,0.0,0.0,1.0,1.0,0.0,0.0,0.0,0.0,0.0,0.0,1.0,0.0,0.0,0.0,1.0,0.0,0.0,0.0,0.0,0.0,0.0,0.0,,,,,0.0,,,,,,,1.0,0.0,0.0,0.0,0.0,1.0,0.0,0.0,0.0,1.0,1.0,1.0,1.0,0.0,0.0,0.0,1.0,0.0,0.0,1.0,1.0,1.0,0.0,0.0,0.0,0.0,0.0,0.0,0.0,0.0,0.0,0.0,0.0,0.0,0.0,0.0,0.0,0.0,0.0,0.0,0.0
2020,23271019,MARIA DE JESUS DE SOUSA MACAMBIRA PROFÂª EMEIEF,00001,1,30/01/2020,28/12/2020,2,2303,23016,23,2307650,230765030,3,1,0.0,1.0,0.0,0.0,0.0,,,,,,,,,,,1.0,3.0,,,1.0,2.0,0.0,0.0,0.0,0.0,,0.0,0.0,0.0,1.0,1.0,0.0,0.0,0.0,0.0,1.0,0.0,0.0,0.0,0.0,1.0,0.0,1.0,0.0,1.0,0.0,0.0,0.0,0.0,1.0,0.0,0.0,0.0,1.0,0.0,0.0,1.0,1.0,1.0,0.0,1.0,0.0,0.0,1.0,1.0,0.0,0.0,0.0,1.0,1.0,1.0,1.0,0.0,0.0,0.0,0.0,0.0,0.0,0.0,0.0,1.0,1.0,0.0,1.0,0.0,1.0,0.0,0.0,0.0,0.0,0.0,0.0,1.0,1.0,1.0,0.0,0.0,1.0,0.0,5.0,0.0,5.0,0.0,0.0,0.0,1.0,0.0,1.0,1.0,0.0,0.0,1.0,1.0,1.0,5.0,1.0,2.0,1.0,1.0,1.0,1.0,1.0,2.0,1.0,1.0,1.0,5.0,1.0,0.0,1.0,1.0,0.0,0.0,0.0,3.0,1.0,0.0,3.0,0.0,0.0,0.0,0.0,0.0,0.0,1.0,1.0,1.0,0.0,1.0,0.0,0.0,1.0,1.0,0.0,0.0,0.0,0.0,0.0,1.0,1.0,0.0,1.0,0.0,1.0,1.0,1.0,0.0,0.0,0.0,0.0,0.0,,,,,0.0,,,,,,,1.0,9.0,9.0,0.0,0.0,1.0,0.0,0.0,0.0,1.0,0.0,0.0,1.0,0.0,0.0,0.0,1.0,0.0,0.0,0.0,1.0,0.0,0.0,0.0,0.0,0.0,0.0,0.0,0.0,0.0,0.0,0.0,0.0,0.0,0.0,0.0,0.0,0.0,0.0,0.0,0.0
2020,23274514,HEITOR VILLA LOBOS EMEIEF,00001,1,30/01/2020,28/12/2020,2,2303,23016,23,2307650,230765005,3,1,0.0,1.0,0.0,0.0,0.0,,,,,,,,,,,1.0,3.0,,,1.0,2.0,0.0,0.0,0.0,0.0,,0.0,0.0,0.0,1.0,1.0,0.0,0.0,0.0,0.0,1.0,0.0,0.0,0.0,0.0,0.0,1.0,1.0,0.0,1.0,0.0,0.0,0.0,0.0,0.0,0.0,0.0,1.0,0.0,0.0,0.0,1.0,1.0,0.0,1.0,0.0,0.0,0.0,1.0,1.0,0.0,0.0,0.0,0.0,0.0,1.0,1.0,0.0,0.0,0.0,0.0,0.0,0.0,0.0,0.0,0.0,1.0,0.0,1.0,0.0,1.0,0.0,0.0,0.0,0.0,0.0,0.0,0.0,0.0,0.0,0.0,0.0,0.0,1.0,5.0,0.0,5.0,0.0,0.0,0.0,1.0,1.0,1.0,1.0,0.0,0.0,1.0,1.0,1.0,2.0,0.0,0.0,1.0,1.0,1.0,1.0,0.0,0.0,1.0,5.0,0.0,0.0,1.0,0.0,1.0,1.0,0.0,0.0,0.0,0.0,1.0,0.0,3.0,0.0,0.0,0.0,0.0,0.0,0.0,1.0,2.0,1.0,0.0,0.0,1.0,0.0,1.0,1.0,0.0,0.0,0.0,0.0,0.0,0.0,1.0,0.0,1.0,0.0,1.0,1.0,0.0,0.0,0.0,0.0,0.0,0.0,,,,,0.0,,,,,,,1.0,0.0,0.0,0.0,0.0,1.0,0.0,0.0,0.0,1.0,0.0,1.0,1.0,0.0,0.0,0.0,1.0,0.0,0.0,1.0,1.0,1.0,0.0,0.0,0.0,0.0,0.0,0.0,0.0,0.0,0.0,0.0,0.0,0.0,0.0,0.0,0.0,0.0,0.0,0.0,0.0
2020,23329815,PAULO FREIRE PROFÂº EMEIEF,00001,1,30/01/2020,28/12/2020,2,2303,23016,23,2307650,230765030,3,1,0.0,1.0,0.0,0.0,0.0,,,,,,,,,,,1.0,3.0,,,1.0,2.0,0.0,0.0,0.0,0.0,,0.0,0.0,0.0,1.0,1.0,0.0,0.0,0.0,0.0,1.0,0.0,0.0,0.0,1.0,0.0,0.0,0.0,0.0,1.0,0.0,0.0,0.0,0.0,0.0,0.0,0.0,1.0,1.0,1.0,0.0,1.0,1.0,1.0,1.0,1.0,0.0,0.0,1.0,1.0,0.0,0.0,0.0,1.0,1.0,0.0,1.0,0.0,0.0,0.0,0.0,0.0,0.0,0.0,0.0,0.0,1.0,0.0,1.0,0.0,1.0,1.0,1.0,0.0,0.0,1.0,0.0,1.0,1.0,1.0,0.0,0.0,0.0,0.0,15.0,0.0,15.0,0.0,15.0,0.0,1.0,1.0,0.0,1.0,1.0,0.0,0.0,0.0,1.0,2.0,1.0,1.0,1.0,1.0,1.0,1.0,1.0,14.0,1.0,7.0,0.0,0.0,1.0,1.0,1.0,1.0,0.0,1.0,0.0,1.0,1.0,4.0,5.0,0.0,0.0,0.0,0.0,0.0,0.0,2.0,2.0,1.0,0.0,0.0,1.0,0.0,1.0,1.0,0.0,0.0,0.0,0.0,0.0,0.0,1.0,0.0,0.0,0.0,1.0,0.0,0.0,0.0,0.0,0.0,0.0,0.0,,,,,0.0,,,,,,,1.0,0.0,0.0,0.0,0.0,1.0,0.0,0.0,0.0,1.0,1.0,1.0,1.0,0.0,0.0,0.0,1.0,0.0,0.0,0.0,1.0,1.0,0.0,0.0,0.0,0.0,0.0,0.0,0.0,0.0,0.0,0.0,0.0,0.0,0.0,0.0,0.0,0.0,0.0,0.0,0.0
2020,23461993,MARIA GLAUCIA MENEZES TEIXEIRA ALBUQUERQUE PROFÂª EMEIEF,00001,1,30/01/2020,07/01/2021,2,2303,23016,23,2307650,230765005,3,1,0.0,1.0,0.0,0.0,0.0,,,,,,,,,,,1.0,3.0,,,1.0,1.0,0.0,0.0,0.0,0.0,,0.0,0.0,0.0,1.0,1.0,0.0,0.0,0.0,0.0,1.0,0.0,0.0,0.0,1.0,0.0,0.0,0.0,0.0,1.0,0.0,0.0,0.0,0.0,0.0,0.0,0.0,1.0,1.0,0.0,0.0,1.0,1.0,0.0,0.0,1.0,0.0,0.0,1.0,1.0,0.0,0.0,0.0,0.0,0.0,1.0,0.0,0.0,0.0,0.0,0.0,0.0,0.0,0.0,0.0,0.0,1.0,0.0,1.0,0.0,1.0,0.0,0.0,0.0,0.0,0.0,0.0,0.0,0.0,0.0,0.0,0.0,0.0,1.0,4.0,0.0,4.0,0.0,0.0,0.0,1.0,0.0,1.0,1.0,0.0,0.0,1.0,2.0,1.0,2.0,1.0,2.0,1.0,1.0,0.0,0.0,0.0,0.0,1.0,4.0,0.0,0.0,1.0,0.0,1.0,1.0,0.0,0.0,0.0,2.0,0.0,1.0,3.0,0.0,0.0,0.0,0.0,0.0,0.0,1.0,1.0,1.0,0.0,0.0,0.0,0.0,1.0,1.0,0.0,0.0,0.0,0.0,0.0,0.0,1.0,0.0,0.0,0.0,1.0,1.0,0.0,0.0,0.0,0.0,0.0,0.0,,,,,0.0,,,,,,,1.0,1.0,0.0,0.0,0.0,1.0,0.0,0.0,0.0,0.0,0.0,0.0,1.0,0.0,0.0,0.0,1.0,0.0,0.0,1.0,1.0,0.0,0.0,0.0,0.0,0.0,0.0,0.0,0.0,0.0,0.0,0.0,0.0,0.0,0.0,0.0,0.0,0.0,0.0,0.0,0.0
2020,23549009,ANA BEATRIZ MACEDO TAVARES MARQUES ESTUDANTE EMEF,00001,1,30/01/2020,28/12/2020,2,2303,23016,23,2307650,230765005,3,1,0.0,1.0,0.0,0.0,0.0,,,,,,,,,,,1.0,3.0,,,1.0,1.0,0.0,0.0,0.0,0.0,,0.0,0.0,0.0,1.0,1.0,0.0,0.0,0.0,0.0,1.0,0.0,0.0,0.0,1.0,0.0,0.0,0.0,0.0,1.0,0.0,0.0,0.0,0.0,0.0,0.0,1.0,0.0,1.0,0.0,0.0,1.0,0.0,1.0,1.0,1.0,0.0,0.0,1.0,1.0,0.0,0.0,0.0,0.0,1.0,0.0,0.0,0.0,1.0,1.0,0.0,1.0,0.0,0.0,0.0,0.0,1.0,0.0,1.0,0.0,1.0,1.0,0.0,0.0,0.0,1.0,0.0,1.0,1.0,1.0,0.0,1.0,0.0,0.0,15.0,1.0,16.0,1.0,15.0,0.0,1.0,1.0,0.0,1.0,1.0,0.0,0.0,0.0,1.0,8.0,1.0,4.0,1.0,1.0,1.0,3.0,1.0,5.0,1.0,7.0,1.0,5.0,1.0,1.0,1.0,1.0,0.0,1.0,0.0,3.0,1.0,3.0,6.0,1.0,0.0,0.0,0.0,0.0,0.0,3.0,3.0,1.0,2.0,0.0,1.0,0.0,1.0,1.0,0.0,0.0,0.0,0.0,0.0,1.0,0.0,0.0,1.0,1.0,1.0,1.0,1.0,0.0,0.0,0.0,0.0,0.0,,,,,0.0,,,,,,,1.0,1.0,0.0,0.0,0.0,1.0,1.0,0.0,0.0,1.0,1.0,1.0,1.0,0.0,0.0,0.0,1.0,1.0,0.0,0.0,0.0,1.0,1.0,0.0,0.0,0.0,0.0,0.0,0.0,0.0,0.0,0.0,0.0,1.0,0.0,0.0,0.0,0.0,0.0,0.0,0.0
2020,23564091,NOSSA SENHORA DE FATIMA CRECHE MUNICIPAL,00001,1,30/01/2020,30/12/2020,2,2303,23016,23,2307650,230765005,3,1,0.0,1.0,0.0,0.0,0.0,,,,,,,,,,,1.0,3.0,,,1.0,1.0,0.0,0.0,0.0,0.0,,0.0,0.0,0.0,1.0,1.0,0.0,0.0,0.0,0.0,1.0,0.0,0.0,0.0,1.0,0.0,0.0,0.0,0.0,1.0,0.0,0.0,0.0,0.0,0.0,0.0,0.0,1.0,1.0,1.0,0.0,1.0,1.0,0.0,0.0,1.0,0.0,0.0,1.0,1.0,0.0,0.0,0.0,0.0,1.0,1.0,1.0,0.0,0.0,0.0,0.0,1.0,0.0,0.0,0.0,0.0,1.0,0.0,0.0,0.0,0.0,0.0,0.0,0.0,0.0,0.0,0.0,0.0,0.0,1.0,0.0,0.0,0.0,0.0,2.0,0.0,2.0,0.0,0.0,0.0,1.0,0.0,0.0,1.0,0.0,0.0,1.0,1.0,1.0,88888.0,1.0,1.0,0.0,0.0,0.0,0.0,0.0,0.0,0.0,0.0,0.0,0.0,1.0,0.0,1.0,0.0,0.0,0.0,0.0,0.0,1.0,1.0,3.0,0.0,0.0,0.0,0.0,0.0,0.0,1.0,0.0,0.0,0.0,0.0,0.0,0.0,1.0,1.0,0.0,0.0,0.0,0.0,0.0,0.0,1.0,0.0,1.0,1.0,1.0,0.0,1.0,0.0,0.0,0.0,0.0,0.0,,,,,0.0,,,,,,,1.0,0.0,1.0,0.0,0.0,1.0,0.0,0.0,0.0,1.0,0.0,0.0,1.0,0.0,0.0,0.0,1.0,0.0,0.0,1.0,0.0,0.0,0.0,0.0,0.0,0.0,0.0,0.0,0.0,0.0,0.0,0.0,0.0,0.0,0.0,0.0,0.0,0.0,0.0,0.0,0.0
2020,23564105,MARIA JOSE HOLANDA DO VALE PROF EMEIEF,00001,1,30/01/2020,28/12/2020,2,2303,23016,23,2307650,230765005,3,1,0.0,1.0,0.0,0.0,0.0,,,,,,,,,,,1.0,3.0,,,1.0,2.0,0.0,0.0,0.0,0.0,,0.0,0.0,0.0,1.0,1.0,0.0,0.0,0.0,0.0,1.0,0.0,0.0,0.0,0.0,1.0,0.0,1.0,0.0,1.0,0.0,0.0,0.0,0.0,0.0,0.0,0.0,1.0,1.0,0.0,0.0,1.0,0.0,1.0,0.0,0.0,0.0,0.0,1.0,1.0,0.0,0.0,0.0,0.0,1.0,0.0,0.0,0.0,0.0,0.0,0.0,0.0,0.0,0.0,0.0,0.0,1.0,0.0,1.0,0.0,0.0,0.0,0.0,0.0,0.0,0.0,0.0,0.0,0.0,1.0,0.0,0.0,0.0,0.0,5.0,0.0,5.0,0.0,0.0,0.0,1.0,0.0,0.0,1.0,0.0,0.0,0.0,0.0,1.0,1.0,0.0,0.0,0.0,0.0,0.0,0.0,1.0,1.0,0.0,0.0,0.0,0.0,1.0,0.0,1.0,0.0,0.0,0.0,0.0,3.0,1.0,0.0,1.0,0.0,0.0,0.0,0.0,0.0,0.0,1.0,1.0,1.0,0.0,0.0,0.0,0.0,1.0,1.0,0.0,0.0,0.0,0.0,0.0,0.0,0.0,0.0,0.0,0.0,1.0,1.0,0.0,0.0,0.0,0.0,0.0,0.0,,,,,0.0,,,,,,,0.0,0.0,0.0,0.0,0.0,1.0,0.0,0.0,0.0,1.0,0.0,0.0,1.0,0.0,0.0,0.0,1.0,0.0,0.0,1.0,1.0,1.0,0.0,0.0,0.0,0.0,0.0,0.0,0.0,0.0,0.0,0.0,0.0,0.0,0.0,0.0,0.0,0.0,0.0,0.0,0.0
